INSERT INTO sadc.Acao (idAcao, nome, descricao) VALUES (1, 'Conversar com Responsável', 'A gerência de ensino deverá entrar em contato com os responsáveis do aluno.');
INSERT INTO sadc.Acao (idAcao, nome, descricao) VALUES (2, 'Conversar com Aluno', 'A gerência de ensino deverá entrar em contato com os responsáveis do aluno.');
INSERT INTO sadc.Acao (idAcao, nome, descricao) VALUES (3, 'Conversar com Psicólogo', 'A gerência de ensino deverá entrar em contato com os responsáveis do aluno.');
INSERT INTO sadc.Analise (id, idDiagnostica, idPerfil) VALUES (1, 1, 1);
INSERT INTO sadc.Analise (id, idDiagnostica, idPerfil) VALUES (2, 1, 2);
INSERT INTO sadc.Analise (id, idDiagnostica, idPerfil) VALUES (3, 2, 1);
INSERT INTO sadc.Analise (id, idDiagnostica, idPerfil) VALUES (4, 2, 3);
INSERT INTO sadc.Analise (id, idDiagnostica, idPerfil) VALUES (5, 3, 6);
INSERT INTO sadc.Analise (id, idDiagnostica, idPerfil) VALUES (6, 3, 7);
INSERT INTO sadc.Analise (id, idDiagnostica, idPerfil) VALUES (7, 3, 8);
INSERT INTO sadc.Analise (id, idDiagnostica, idPerfil) VALUES (8, 4, 8);
INSERT INTO sadc.Analise (id, idDiagnostica, idPerfil) VALUES (9, 4, 5);
INSERT INTO sadc.Analise (id, idDiagnostica, idPerfil) VALUES (10, 4, 3);
INSERT INTO sadc.Analise (id, idDiagnostica, idPerfil) VALUES (11, 5, 6);
INSERT INTO sadc.Analise (id, idDiagnostica, idPerfil) VALUES (12, 5, 7);
INSERT INTO sadc.Analise (id, idDiagnostica, idPerfil) VALUES (13, 5, 8);
INSERT INTO sadc.Analise (id, idDiagnostica, idPerfil) VALUES (14, 6, 8);
INSERT INTO sadc.Analise (id, idDiagnostica, idPerfil) VALUES (15, 6, 7);
INSERT INTO sadc.Analise (id, idDiagnostica, idPerfil) VALUES (16, 7, 8);
INSERT INTO sadc.Analise (id, idDiagnostica, idPerfil) VALUES (17, 8, 7);
INSERT INTO sadc.Analise (id, idDiagnostica, idPerfil) VALUES (18, 8, 6);
INSERT INTO sadc.Analise (id, idDiagnostica, idPerfil) VALUES (19, 9, 1);
INSERT INTO sadc.Analise (id, idDiagnostica, idPerfil) VALUES (20, 10, 2);
INSERT INTO sadc.Analise (id, idDiagnostica, idPerfil) VALUES (21, 11, 1);
INSERT INTO sadc.Analise (id, idDiagnostica, idPerfil) VALUES (22, 11, 2);
INSERT INTO sadc.Analise (id, idDiagnostica, idPerfil) VALUES (23, 12, 2);
INSERT INTO sadc.Analise (id, idDiagnostica, idPerfil) VALUES (24, 12, 3);
INSERT INTO sadc.Analise (id, idDiagnostica, idPerfil) VALUES (25, 13, 4);
INSERT INTO sadc.Analise (id, idDiagnostica, idPerfil) VALUES (26, 13, 6);
INSERT INTO sadc.Analise (id, idDiagnostica, idPerfil) VALUES (27, 14, 7);
INSERT INTO sadc.Analise (id, idDiagnostica, idPerfil) VALUES (28, 14, 8);
INSERT INTO sadc.Analise (id, idDiagnostica, idPerfil) VALUES (29, 15, 1);
INSERT INTO sadc.Analise (id, idDiagnostica, idPerfil) VALUES (30, 15, 2);
INSERT INTO sadc.Analise (id, idDiagnostica, idPerfil) VALUES (31, 15, 4);
INSERT INTO sadc.Analise (id, idDiagnostica, idPerfil) VALUES (32, 15, 5);
INSERT INTO sadc.Analise (id, idDiagnostica, idPerfil) VALUES (33, 16, 2);
INSERT INTO sadc.Analise (id, idDiagnostica, idPerfil) VALUES (34, 16, 5);
INSERT INTO sadc.Analise (id, idDiagnostica, idPerfil) VALUES (35, 16, 7);
INSERT INTO sadc.Analise (id, idDiagnostica, idPerfil) VALUES (36, 16, 8);
INSERT INTO sadc.Analise (id, idDiagnostica, idPerfil) VALUES (37, 17, 7);
INSERT INTO sadc.Analise (id, idDiagnostica, idPerfil) VALUES (38, 17, 8);
INSERT INTO sadc.Analise (id, idDiagnostica, idPerfil) VALUES (39, 18, 6);
INSERT INTO sadc.Analise (id, idDiagnostica, idPerfil) VALUES (40, 18, 7);
INSERT INTO sadc.Analise (id, idDiagnostica, idPerfil) VALUES (41, 18, 8);
INSERT INTO sadc.Analise (id, idDiagnostica, idPerfil) VALUES (42, 19, 3);
INSERT INTO sadc.Analise (id, idDiagnostica, idPerfil) VALUES (43, 19, 5);
INSERT INTO sadc.Analise (id, idDiagnostica, idPerfil) VALUES (44, 19, 7);
INSERT INTO sadc.Analise (id, idDiagnostica, idPerfil) VALUES (45, 19, 8);
INSERT INTO sadc.Analise (id, idDiagnostica, idPerfil) VALUES (46, 20, 3);
INSERT INTO sadc.Analise (id, idDiagnostica, idPerfil) VALUES (47, 20, 5);
INSERT INTO sadc.Analise (id, idDiagnostica, idPerfil) VALUES (48, 20, 7);
INSERT INTO sadc.Analise (id, idDiagnostica, idPerfil) VALUES (49, 20, 8);
INSERT INTO sadc.Analise (id, idDiagnostica, idPerfil) VALUES (54, 22, 6);
INSERT INTO sadc.Analise (id, idDiagnostica, idPerfil) VALUES (55, 22, 7);
INSERT INTO sadc.Analise (id, idDiagnostica, idPerfil) VALUES (56, 22, 8);
INSERT INTO sadc.Analise (id, idDiagnostica, idPerfil) VALUES (61, 21, 3);
INSERT INTO sadc.Analise (id, idDiagnostica, idPerfil) VALUES (62, 21, 4);
INSERT INTO sadc.Analise (id, idDiagnostica, idPerfil) VALUES (63, 21, 5);
INSERT INTO sadc.Analise (id, idDiagnostica, idPerfil) VALUES (64, 21, 6);
INSERT INTO sadc.Analise (id, idDiagnostica, idPerfil) VALUES (65, 23, 3);
INSERT INTO sadc.Analise (id, idDiagnostica, idPerfil) VALUES (66, 23, 4);
INSERT INTO sadc.Analise (id, idDiagnostica, idPerfil) VALUES (67, 23, 5);
INSERT INTO sadc.Analise (id, idDiagnostica, idPerfil) VALUES (68, 23, 6);
INSERT INTO sadc.Analise (id, idDiagnostica, idPerfil) VALUES (69, 27, 7);
INSERT INTO sadc.Analise (id, idDiagnostica, idPerfil) VALUES (70, 28, 8);
INSERT INTO sadc.Analise (id, idDiagnostica, idPerfil) VALUES (71, 29, 8);
INSERT INTO sadc.Analise (id, idDiagnostica, idPerfil) VALUES (76, 30, 1);
INSERT INTO sadc.Analise (id, idDiagnostica, idPerfil) VALUES (77, 31, 1);
INSERT INTO sadc.Analise (id, idDiagnostica, idPerfil) VALUES (78, 32, 6);
INSERT INTO sadc.Analise (id, idDiagnostica, idPerfil) VALUES (79, 33, 1);
INSERT INTO sadc.Analise (id, idDiagnostica, idPerfil) VALUES (80, 33, 7);
INSERT INTO sadc.Analise (id, idDiagnostica, idPerfil) VALUES (81, 33, 8);
INSERT INTO sadc.Analise (id, idDiagnostica, idPerfil) VALUES (82, 34, 8);
INSERT INTO sadc.Analise (id, idDiagnostica, idPerfil) VALUES (83, 35, 8);
INSERT INTO sadc.Analise (id, idDiagnostica, idPerfil) VALUES (84, 36, 6);
INSERT INTO sadc.Analise (id, idDiagnostica, idPerfil) VALUES (85, 36, 8);
INSERT INTO sadc.Analise (id, idDiagnostica, idPerfil) VALUES (86, 37, 3);
INSERT INTO sadc.Analise (id, idDiagnostica, idPerfil) VALUES (87, 37, 5);
INSERT INTO sadc.Analise (id, idDiagnostica, idPerfil) VALUES (88, 37, 7);
INSERT INTO sadc.Analise (id, idDiagnostica, idPerfil) VALUES (89, 38, 3);
INSERT INTO sadc.Analise (id, idDiagnostica, idPerfil) VALUES (90, 38, 5);
INSERT INTO sadc.Analise (id, idDiagnostica, idPerfil) VALUES (91, 38, 7);
INSERT INTO sadc.Analise (id, idDiagnostica, idPerfil) VALUES (92, 39, 4);
INSERT INTO sadc.Analise (id, idDiagnostica, idPerfil) VALUES (93, 39, 5);
INSERT INTO sadc.Analise (id, idDiagnostica, idPerfil) VALUES (94, 39, 6);
INSERT INTO sadc.Analise (id, idDiagnostica, idPerfil) VALUES (95, 39, 7);
INSERT INTO sadc.Analise (id, idDiagnostica, idPerfil) VALUES (96, 39, 8);
INSERT INTO sadc.Analise (id, idDiagnostica, idPerfil) VALUES (98, 41, 6);
INSERT INTO sadc.Analise (id, idDiagnostica, idPerfil) VALUES (99, 41, 7);
INSERT INTO sadc.Analise (id, idDiagnostica, idPerfil) VALUES (100, 41, 8);
INSERT INTO sadc.Analise (id, idDiagnostica, idPerfil) VALUES (101, 42, 6);
INSERT INTO sadc.Analise (id, idDiagnostica, idPerfil) VALUES (102, 42, 8);
INSERT INTO sadc.Analise (id, idDiagnostica, idPerfil) VALUES (103, 40, 7);
INSERT INTO sadc.Analise (id, idDiagnostica, idPerfil) VALUES (104, 40, 8);
INSERT INTO sadc.Analise (id, idDiagnostica, idPerfil) VALUES (105, 43, 7);
INSERT INTO sadc.Analise (id, idDiagnostica, idPerfil) VALUES (106, 43, 8);
INSERT INTO sadc.Analise (id, idDiagnostica, idPerfil) VALUES (107, 44, 8);
INSERT INTO sadc.Analise (id, idDiagnostica, idPerfil) VALUES (108, 45, 6);
INSERT INTO sadc.Analise (id, idDiagnostica, idPerfil) VALUES (109, 46, 2);
INSERT INTO sadc.Analise (id, idDiagnostica, idPerfil) VALUES (110, 47, 8);
INSERT INTO sadc.Analise (id, idDiagnostica, idPerfil) VALUES (138, 59, 6);
INSERT INTO sadc.Analise (id, idDiagnostica, idPerfil) VALUES (139, 59, 8);
INSERT INTO sadc.Analise (id, idDiagnostica, idPerfil) VALUES (140, 58, 4);
INSERT INTO sadc.Analise (id, idDiagnostica, idPerfil) VALUES (141, 58, 6);
INSERT INTO sadc.Analise (id, idDiagnostica, idPerfil) VALUES (142, 58, 8);
INSERT INTO sadc.Analise (id, idDiagnostica, idPerfil) VALUES (143, 60, 4);
INSERT INTO sadc.Analise (id, idDiagnostica, idPerfil) VALUES (144, 60, 6);
INSERT INTO sadc.Analise (id, idDiagnostica, idPerfil) VALUES (145, 60, 8);
INSERT INTO sadc.Analise (id, idDiagnostica, idPerfil) VALUES (146, 61, 8);
INSERT INTO sadc.Analise (id, idDiagnostica, idPerfil) VALUES (147, 62, 6);
INSERT INTO sadc.Analise (id, idDiagnostica, idPerfil) VALUES (148, 62, 8);
INSERT INTO sadc.Aprendizado (id, idReuniao, COD_PAUTA, data, observacao) VALUES (1, 1, '3', '2020-05-08 07:53:19', 'Uma observação qualquer99999999999999');
INSERT INTO sadc.Aprendizado (id, idReuniao, COD_PAUTA, data, observacao) VALUES (2, 1, '3', '2020-05-08 07:53:44', 'Uma observação qualquer');
INSERT INTO sadc.Aprendizado (id, idReuniao, COD_PAUTA, data, observacao) VALUES (3, 1, '5', '2020-05-08 07:53:58', 'Uma observação qualquer');
INSERT INTO sadc.Aprendizado (id, idReuniao, COD_PAUTA, data, observacao) VALUES (4, 1, '3', '2020-05-08 07:54:42', 'Uma observação qualquer');
INSERT INTO sadc.Aprendizado (id, idReuniao, COD_PAUTA, data, observacao) VALUES (6, 1, '6', '2020-05-09 02:31:47', 'Uma observação qualquer');
INSERT INTO sadc.Aprendizado (id, idReuniao, COD_PAUTA, data, observacao) VALUES (7, 1, '3', '2020-05-09 07:03:24', 'Isso é um aprendizado!');
INSERT INTO sadc.Aprendizado (id, idReuniao, COD_PAUTA, data, observacao) VALUES (8, 1, '1', '2020-05-09 11:17:06', 'Aaaaaa99');
INSERT INTO sadc.Aprendizado (id, idReuniao, COD_PAUTA, data, observacao) VALUES (9, 1, '3', '2020-05-11 08:19:13', 'A');
INSERT INTO sadc.Aprendizado (id, idReuniao, COD_PAUTA, data, observacao) VALUES (12, 1, '1', '2020-05-29 08:02:50', 's');
INSERT INTO sadc.Aprendizado (id, idReuniao, COD_PAUTA, data, observacao) VALUES (13, 1, '1', '2020-05-29 08:33:25', 'Aqui vai uma!');
INSERT INTO sadc.Aprendizado (id, idReuniao, COD_PAUTA, data, observacao) VALUES (14, 72, '1', '2020-06-04 10:03:26', '123');
INSERT INTO sadc.Aprendizado (id, idReuniao, COD_PAUTA, data, observacao) VALUES (15, 78, '14542', '2020-06-04 10:22:12', 'Teste');
INSERT INTO sadc.Aprendizado (id, idReuniao, COD_PAUTA, data, observacao) VALUES (16, 78, '14533222', '2020-06-04 11:27:54', 'Legal demais essa validação');
INSERT INTO sadc.Aprendizado (id, idReuniao, COD_PAUTA, data, observacao) VALUES (17, 82, '14540', '2020-06-05 01:46:20', 'jjj');
INSERT INTO sadc.Aprendizado (id, idReuniao, COD_PAUTA, data, observacao) VALUES (18, 78, '14534', '2020-06-07 01:41:23', 'Aquela observação!!!');
INSERT INTO sadc.Aprendizado (id, idReuniao, COD_PAUTA, data, observacao) VALUES (19, 78, '11814', '2020-06-07 01:54:59', '122');
INSERT INTO sadc.Aprendizado (id, idReuniao, COD_PAUTA, data, observacao) VALUES (20, 79, '11866', '2020-06-07 08:35:15', 'Legal');
INSERT INTO sadc.Aprendizado (id, idReuniao, COD_PAUTA, data, observacao) VALUES (21, 82, '11813', '2020-06-08 05:31:50', 'Legal');
INSERT INTO sadc.Aprendizado (id, idReuniao, COD_PAUTA, data, observacao) VALUES (22, 82, '11846', '2020-06-08 05:33:44', 'Eu');
INSERT INTO sadc.Aprendizado (id, idReuniao, COD_PAUTA, data, observacao) VALUES (23, 85, '11851', '2020-06-08 07:13:57', 'Dificuldade em provas');
INSERT INTO sadc.Aprendizado (id, idReuniao, COD_PAUTA, data, observacao) VALUES (24, 85, '11870', '2020-06-08 07:15:15', 'Dificuldade na explicação');
INSERT INTO sadc.Aprendizado (id, idReuniao, COD_PAUTA, data, observacao) VALUES (25, 1, '6', '2020-06-16 01:39:39', 'Uma observação qualquer');
INSERT INTO sadc.Aprendizado (id, idReuniao, COD_PAUTA, data, observacao) VALUES (26, 80, '6', '2020-06-16 01:41:35', 'Uma observação qualquer');
INSERT INTO sadc.Aprendizado (id, idReuniao, COD_PAUTA, data, observacao) VALUES (27, 80, '14533222', '2020-06-16 01:42:19', 'Legal demais essa validação');
INSERT INTO sadc.Aprendizado (id, idReuniao, COD_PAUTA, data, observacao) VALUES (28, 82, '11862', '2020-06-16 03:31:45', '123');
INSERT INTO sadc.Atendimento (id, idReuniao, COD_MATRICULA, data, observacao, idAcao) VALUES (1, 1, '1', '2020-05-21 00:00:00', 'asdasd', 3);
INSERT INTO sadc.Atendimento (id, idReuniao, COD_MATRICULA, data, observacao, idAcao) VALUES (2, 72, '2020103100510804', '2020-06-04 00:00:00', '123', 1);
INSERT INTO sadc.Atendimento (id, idReuniao, COD_MATRICULA, data, observacao, idAcao) VALUES (3, 78, '2018103102340077', '2020-06-04 00:00:00', 'Muita conversa.', 3);
INSERT INTO sadc.Atendimento (id, idReuniao, COD_MATRICULA, data, observacao, idAcao) VALUES (4, 78, '2018103102340700', '2020-06-04 00:00:00', 'Mais conversa ainda', 3);
INSERT INTO sadc.Atendimento (id, idReuniao, COD_MATRICULA, data, observacao, idAcao) VALUES (5, 82, '2020103102340337', '2020-06-05 00:00:00', 'Muita conversa!', 1);
INSERT INTO sadc.Atendimento (id, idReuniao, COD_MATRICULA, data, observacao, idAcao) VALUES (6, 81, '2020103121040351', '2020-06-08 00:00:00', 'Queixa!!!!!!!', 2);
INSERT INTO sadc.Atendimento (id, idReuniao, COD_MATRICULA, data, observacao, idAcao) VALUES (7, 81, '2020103121040815', '2020-06-08 00:00:00', 'Difícil.', 1);
INSERT INTO sadc.Atendimento (id, idReuniao, COD_MATRICULA, data, observacao, idAcao) VALUES (8, 81, '2020103121040742', '2020-06-08 00:00:00', 'Legal!!!', 3);
INSERT INTO sadc.Atendimento (id, idReuniao, COD_MATRICULA, data, observacao, idAcao) VALUES (9, 85, '2018103102340077', '2020-06-08 00:00:00', 'Lel', 1);
INSERT INTO sadc.Classificacao (idClassificacao, nome, descricao) VALUES (1, 'Pontos Positivos', 'Algo bom.');
INSERT INTO sadc.Classificacao (idClassificacao, nome, descricao) VALUES (2, 'Pontos Negativos', 'Algo ruim.');
INSERT INTO sadc.Classificacao (idClassificacao, nome, descricao) VALUES (3, 'Sugestão ', 'Algo.');
INSERT INTO sadc.Classificacao (idClassificacao, nome, descricao) VALUES (4, 'Infraestrutura', 'Algo contruído.');
INSERT INTO sadc.Diagnostica (id, idReuniao, COD_PROFESSOR, COD_MATRICULA, data) VALUES (1, 1, '24981', '2018103102340107', '2020-05-18 12:55:45');
INSERT INTO sadc.Diagnostica (id, idReuniao, COD_PROFESSOR, COD_MATRICULA, data) VALUES (2, 1, '24982', '2018103102340077', '2020-05-18 12:55:45');
INSERT INTO sadc.Diagnostica (id, idReuniao, COD_PROFESSOR, COD_MATRICULA, data) VALUES (3, 1, '24984', '2018103102340158', '2020-05-18 12:58:00');
INSERT INTO sadc.Diagnostica (id, idReuniao, COD_PROFESSOR, COD_MATRICULA, data) VALUES (4, 1, '24985', '2018103102340590', '2020-05-18 12:58:00');
INSERT INTO sadc.Diagnostica (id, idReuniao, COD_PROFESSOR, COD_MATRICULA, data) VALUES (5, 1, '24986', '2018103102340255', '2020-05-18 01:01:28');
INSERT INTO sadc.Diagnostica (id, idReuniao, COD_PROFESSOR, COD_MATRICULA, data) VALUES (6, 1, '24987', '2018103102340450', '2020-05-18 01:01:28');
INSERT INTO sadc.Diagnostica (id, idReuniao, COD_PROFESSOR, COD_MATRICULA, data) VALUES (7, 1, '24988', '2018103102340727', '2020-05-18 01:22:15');
INSERT INTO sadc.Diagnostica (id, idReuniao, COD_PROFESSOR, COD_MATRICULA, data) VALUES (8, 1, '24996', '2018103102340298', '2020-05-18 01:22:15');
INSERT INTO sadc.Diagnostica (id, idReuniao, COD_PROFESSOR, COD_MATRICULA, data) VALUES (9, 1, '24999', '2018103102340557', '2020-05-18 02:32:43');
INSERT INTO sadc.Diagnostica (id, idReuniao, COD_PROFESSOR, COD_MATRICULA, data) VALUES (10, 1, '25001', '2018103102340670', '2020-05-18 02:32:43');
INSERT INTO sadc.Diagnostica (id, idReuniao, COD_PROFESSOR, COD_MATRICULA, data) VALUES (11, 1, '25002', '2018103102340646', '2020-05-18 04:38:31');
INSERT INTO sadc.Diagnostica (id, idReuniao, COD_PROFESSOR, COD_MATRICULA, data) VALUES (12, 1, '25003', '2018103102340395', '2020-05-18 04:38:31');
INSERT INTO sadc.Diagnostica (id, idReuniao, COD_PROFESSOR, COD_MATRICULA, data) VALUES (13, 1, '25005', '2018103102340166', '2020-05-18 04:39:29');
INSERT INTO sadc.Diagnostica (id, idReuniao, COD_PROFESSOR, COD_MATRICULA, data) VALUES (14, 9, '25006', '2018103102340760', '2020-05-18 04:39:29');
INSERT INTO sadc.Diagnostica (id, idReuniao, COD_PROFESSOR, COD_MATRICULA, data) VALUES (15, 78, '25012', '2018103102340360', '2020-06-04 10:25:45');
INSERT INTO sadc.Diagnostica (id, idReuniao, COD_PROFESSOR, COD_MATRICULA, data) VALUES (16, 78, '25016', '2018103102340611', '2020-06-04 10:25:50');
INSERT INTO sadc.Diagnostica (id, idReuniao, COD_PROFESSOR, COD_MATRICULA, data) VALUES (17, 78, '25017', '2018103102340735', '2020-06-04 11:19:30');
INSERT INTO sadc.Diagnostica (id, idReuniao, COD_PROFESSOR, COD_MATRICULA, data) VALUES (18, 78, '25020', '2018103102340824', '2020-06-04 11:19:35');
INSERT INTO sadc.Diagnostica (id, idReuniao, COD_PROFESSOR, COD_MATRICULA, data) VALUES (19, 82, '25022', '2018103102340131', '2020-06-05 01:24:49');
INSERT INTO sadc.Diagnostica (id, idReuniao, COD_PROFESSOR, COD_MATRICULA, data) VALUES (20, 82, '25023', '2018103102340140', '2020-06-05 01:24:53');
INSERT INTO sadc.Diagnostica (id, idReuniao, COD_PROFESSOR, COD_MATRICULA, data) VALUES (21, 82, '25028', '2017103102340446', '2020-06-05 01:32:48');
INSERT INTO sadc.Diagnostica (id, idReuniao, COD_PROFESSOR, COD_MATRICULA, data) VALUES (22, 82, '25029', '2018103102340018', '2020-06-05 01:32:42');
INSERT INTO sadc.Diagnostica (id, idReuniao, COD_PROFESSOR, COD_MATRICULA, data) VALUES (23, 82, '25030', '2018103102340859', '2020-06-05 01:32:42');
INSERT INTO sadc.Diagnostica (id, idReuniao, COD_PROFESSOR, COD_MATRICULA, data) VALUES (24, 82, '25035', '2018103102340174', '2020-06-05 01:32:42');
INSERT INTO sadc.Diagnostica (id, idReuniao, COD_PROFESSOR, COD_MATRICULA, data) VALUES (25, 82, '25036', '2018103102340344', '2020-06-05 01:32:42');
INSERT INTO sadc.Diagnostica (id, idReuniao, COD_PROFESSOR, COD_MATRICULA, data) VALUES (26, 82, '25038', '2018103102340433', '2020-06-05 01:32:42');
INSERT INTO sadc.Diagnostica (id, idReuniao, COD_PROFESSOR, COD_MATRICULA, data) VALUES (27, 82, '25042', '2018103102340700', '2020-06-05 01:37:56');
INSERT INTO sadc.Diagnostica (id, idReuniao, COD_PROFESSOR, COD_MATRICULA, data) VALUES (28, 79, '25043', '2017103102340632', '2020-06-06 12:59:57');
INSERT INTO sadc.Diagnostica (id, idReuniao, COD_PROFESSOR, COD_MATRICULA, data) VALUES (29, 79, '25045', '2018103102340697', '2020-06-06 01:00:14');
INSERT INTO sadc.Diagnostica (id, idReuniao, COD_PROFESSOR, COD_MATRICULA, data) VALUES (30, 78, '25049', '2018103102340050', '2020-06-06 09:20:08');
INSERT INTO sadc.Diagnostica (id, idReuniao, COD_PROFESSOR, COD_MATRICULA, data) VALUES (31, 78, '25053', '2018103102340328', '2020-06-06 09:20:15');
INSERT INTO sadc.Diagnostica (id, idReuniao, COD_PROFESSOR, COD_MATRICULA, data) VALUES (32, 78, '25060', '2018103102340670', '2020-06-06 09:21:24');
INSERT INTO sadc.Diagnostica (id, idReuniao, COD_PROFESSOR, COD_MATRICULA, data) VALUES (33, 78, '25061', '2017103102340446', '2020-06-06 09:21:35');
INSERT INTO sadc.Diagnostica (id, idReuniao, COD_PROFESSOR, COD_MATRICULA, data) VALUES (34, 77, '25066', '2018103102340107', '2020-06-06 09:25:45');
INSERT INTO sadc.Diagnostica (id, idReuniao, COD_PROFESSOR, COD_MATRICULA, data) VALUES (35, 81, '25261', '2020103121040734', '2020-06-07 08:43:55');
INSERT INTO sadc.Diagnostica (id, idReuniao, COD_PROFESSOR, COD_MATRICULA, data) VALUES (36, 81, '26873', '2020103121040289', '2020-06-07 08:44:00');
INSERT INTO sadc.Diagnostica (id, idReuniao, COD_PROFESSOR, COD_MATRICULA, data) VALUES (37, 81, '31793', '2020103121040335', '2020-06-07 09:08:36');
INSERT INTO sadc.Diagnostica (id, idReuniao, COD_PROFESSOR, COD_MATRICULA, data) VALUES (38, 85, '121415', '2018103102340557', '2020-06-08 07:31:23');
INSERT INTO sadc.Diagnostica (id, idReuniao, COD_PROFESSOR, COD_MATRICULA, data) VALUES (39, 85, '121415', '2018103102340727', '2020-06-08 07:31:27');
INSERT INTO sadc.Diagnostica (id, idReuniao, COD_PROFESSOR, COD_MATRICULA, data) VALUES (40, 85, '121415', '2018103102340328', '2020-06-08 07:41:37');
INSERT INTO sadc.Diagnostica (id, idReuniao, COD_PROFESSOR, COD_MATRICULA, data) VALUES (41, 85, '26873', '2018103102340590', '2020-06-08 07:41:31');
INSERT INTO sadc.Diagnostica (id, idReuniao, COD_PROFESSOR, COD_MATRICULA, data) VALUES (42, 85, '26873', '2018103102340611', '2020-06-08 07:41:34');
INSERT INTO sadc.Diagnostica (id, idReuniao, COD_PROFESSOR, COD_MATRICULA, data) VALUES (43, 85, '26873', '2018103102340255', '2020-06-08 07:42:01');
INSERT INTO sadc.Diagnostica (id, idReuniao, COD_PROFESSOR, COD_MATRICULA, data) VALUES (44, 81, '26873', '2020103121040335', '2020-06-10 07:38:44');
INSERT INTO sadc.Diagnostica (id, idReuniao, COD_PROFESSOR, COD_MATRICULA, data) VALUES (45, 81, '26873', '2020103121040041', '2020-06-10 07:40:18');
INSERT INTO sadc.Diagnostica (id, idReuniao, COD_PROFESSOR, COD_MATRICULA, data) VALUES (46, 81, '26873', '2020103121040149', '2020-06-10 07:43:46');
INSERT INTO sadc.Diagnostica (id, idReuniao, COD_PROFESSOR, COD_MATRICULA, data) VALUES (47, 81, '26873', '2020103121040254', '2020-06-10 07:44:37');
INSERT INTO sadc.Diagnostica (id, idReuniao, COD_PROFESSOR, COD_MATRICULA, data) VALUES (58, 80, '14612', '2020103100510367', '2020-06-15 12:55:15');
INSERT INTO sadc.Diagnostica (id, idReuniao, COD_PROFESSOR, COD_MATRICULA, data) VALUES (59, 80, '14612', '2020103100510294', '2020-06-15 12:55:03');
INSERT INTO sadc.Diagnostica (id, idReuniao, COD_PROFESSOR, COD_MATRICULA, data) VALUES (60, 80, '122006', '2020103100510367', '2020-06-15 01:00:30');
INSERT INTO sadc.Diagnostica (id, idReuniao, COD_PROFESSOR, COD_MATRICULA, data) VALUES (61, 80, '122006', '2020103100510359', '2020-06-15 01:00:34');
INSERT INTO sadc.Diagnostica (id, idReuniao, COD_PROFESSOR, COD_MATRICULA, data) VALUES (62, 80, '122006', '2020103100510294', '2020-06-15 01:00:41');
INSERT INTO sadc.DisciplinaExperiencia (id, COD_PAUTA, idExperiencia) VALUES (47, 1, 12);
INSERT INTO sadc.DisciplinaExperiencia (id, COD_PAUTA, idExperiencia) VALUES (48, 2, 12);
INSERT INTO sadc.DisciplinaExperiencia (id, COD_PAUTA, idExperiencia) VALUES (49, 3, 12);
INSERT INTO sadc.DisciplinaExperiencia (id, COD_PAUTA, idExperiencia) VALUES (50, 4, 12);
INSERT INTO sadc.DisciplinaExperiencia (id, COD_PAUTA, idExperiencia) VALUES (51, 1, 13);
INSERT INTO sadc.DisciplinaExperiencia (id, COD_PAUTA, idExperiencia) VALUES (52, 2, 13);
INSERT INTO sadc.DisciplinaExperiencia (id, COD_PAUTA, idExperiencia) VALUES (53, 3, 13);
INSERT INTO sadc.DisciplinaExperiencia (id, COD_PAUTA, idExperiencia) VALUES (54, 4, 13);
INSERT INTO sadc.DisciplinaExperiencia (id, COD_PAUTA, idExperiencia) VALUES (63, 417530, 16);
INSERT INTO sadc.DisciplinaExperiencia (id, COD_PAUTA, idExperiencia) VALUES (64, 1459180, 18);
INSERT INTO sadc.DisciplinaExperiencia (id, COD_PAUTA, idExperiencia) VALUES (66, 417530, 20);
INSERT INTO sadc.DisciplinaExperiencia (id, COD_PAUTA, idExperiencia) VALUES (67, 1, 15);
INSERT INTO sadc.DisciplinaExperiencia (id, COD_PAUTA, idExperiencia) VALUES (68, 417530, 19);
INSERT INTO sadc.DisciplinaExperiencia (id, COD_PAUTA, idExperiencia) VALUES (70, 1, 14);
INSERT INTO sadc.DisciplinaExperiencia (id, COD_PAUTA, idExperiencia) VALUES (71, 417530, 21);
INSERT INTO sadc.DisciplinaExperiencia (id, COD_PAUTA, idExperiencia) VALUES (74, 417530, 22);
INSERT INTO sadc.DisciplinaExperiencia (id, COD_PAUTA, idExperiencia) VALUES (76, 417530, 23);
INSERT INTO sadc.DisciplinaExperiencia (id, COD_PAUTA, idExperiencia) VALUES (82, 14537, 28);
INSERT INTO sadc.DisciplinaExperiencia (id, COD_PAUTA, idExperiencia) VALUES (94, 14534, 29);
INSERT INTO sadc.DisciplinaExperiencia (id, COD_PAUTA, idExperiencia) VALUES (99, 14533, 27);
INSERT INTO sadc.DisciplinaExperiencia (id, COD_PAUTA, idExperiencia) VALUES (100, 14540, 26);
INSERT INTO sadc.DisciplinaExperiencia (id, COD_PAUTA, idExperiencia) VALUES (103, 11866, 30);
INSERT INTO sadc.DisciplinaExperiencia (id, COD_PAUTA, idExperiencia) VALUES (104, 11867, 30);
INSERT INTO sadc.DisciplinaExperiencia (id, COD_PAUTA, idExperiencia) VALUES (111, 11868, 32);
INSERT INTO sadc.DisciplinaExperiencia (id, COD_PAUTA, idExperiencia) VALUES (112, 11848, 33);
INSERT INTO sadc.DisciplinaExperiencia (id, COD_PAUTA, idExperiencia) VALUES (113, 11837, 34);
INSERT INTO sadc.DisciplinaExperiencia (id, COD_PAUTA, idExperiencia) VALUES (114, 11867, 35);
INSERT INTO sadc.DisciplinaExperiencia (id, COD_PAUTA, idExperiencia) VALUES (115, 11866, 35);
INSERT INTO sadc.DisciplinaExperiencia (id, COD_PAUTA, idExperiencia) VALUES (116, 11834, 35);
INSERT INTO sadc.DisciplinaExperiencia (id, COD_PAUTA, idExperiencia) VALUES (117, 1, 36);
INSERT INTO sadc.DisciplinaExperiencia (id, COD_PAUTA, idExperiencia) VALUES (118, 2, 36);
INSERT INTO sadc.DisciplinaExperiencia (id, COD_PAUTA, idExperiencia) VALUES (119, 3, 36);
INSERT INTO sadc.DisciplinaExperiencia (id, COD_PAUTA, idExperiencia) VALUES (120, 4, 36);
INSERT INTO sadc.DisciplinaExperiencia (id, COD_PAUTA, idExperiencia) VALUES (121, 1, 37);
INSERT INTO sadc.DisciplinaExperiencia (id, COD_PAUTA, idExperiencia) VALUES (122, 2, 37);
INSERT INTO sadc.DisciplinaExperiencia (id, COD_PAUTA, idExperiencia) VALUES (123, 3, 37);
INSERT INTO sadc.DisciplinaExperiencia (id, COD_PAUTA, idExperiencia) VALUES (124, 4, 37);
INSERT INTO sadc.DisciplinaExperiencia (id, COD_PAUTA, idExperiencia) VALUES (125, 1, 38);
INSERT INTO sadc.DisciplinaExperiencia (id, COD_PAUTA, idExperiencia) VALUES (126, 2, 38);
INSERT INTO sadc.DisciplinaExperiencia (id, COD_PAUTA, idExperiencia) VALUES (127, 3, 38);
INSERT INTO sadc.DisciplinaExperiencia (id, COD_PAUTA, idExperiencia) VALUES (128, 4, 38);
INSERT INTO sadc.DisciplinaExperiencia (id, COD_PAUTA, idExperiencia) VALUES (129, 1, 39);
INSERT INTO sadc.DisciplinaExperiencia (id, COD_PAUTA, idExperiencia) VALUES (130, 2, 39);
INSERT INTO sadc.DisciplinaExperiencia (id, COD_PAUTA, idExperiencia) VALUES (131, 3, 39);
INSERT INTO sadc.DisciplinaExperiencia (id, COD_PAUTA, idExperiencia) VALUES (132, 4, 39);
INSERT INTO sadc.DisciplinaExperiencia (id, COD_PAUTA, idExperiencia) VALUES (133, 1, 40);
INSERT INTO sadc.DisciplinaExperiencia (id, COD_PAUTA, idExperiencia) VALUES (134, 2, 40);
INSERT INTO sadc.DisciplinaExperiencia (id, COD_PAUTA, idExperiencia) VALUES (135, 3, 40);
INSERT INTO sadc.DisciplinaExperiencia (id, COD_PAUTA, idExperiencia) VALUES (136, 4, 40);
INSERT INTO sadc.DisciplinaExperiencia (id, COD_PAUTA, idExperiencia) VALUES (137, 1, 41);
INSERT INTO sadc.DisciplinaExperiencia (id, COD_PAUTA, idExperiencia) VALUES (138, 2, 41);
INSERT INTO sadc.DisciplinaExperiencia (id, COD_PAUTA, idExperiencia) VALUES (139, 3, 41);
INSERT INTO sadc.DisciplinaExperiencia (id, COD_PAUTA, idExperiencia) VALUES (140, 4, 41);
INSERT INTO sadc.DisciplinaExperiencia (id, COD_PAUTA, idExperiencia) VALUES (143, 11862, 42);
INSERT INTO sadc.DisciplinaExperiencia (id, COD_PAUTA, idExperiencia) VALUES (144, 11861, 42);
INSERT INTO sadc.DisciplinaExperiencia (id, COD_PAUTA, idExperiencia) VALUES (145, 11871, 25);
INSERT INTO sadc.Encaminhamento (id, COD_PROFESSOR, observacao, idAtendimento) VALUES (16, '84917', null, 1);
INSERT INTO sadc.Encaminhamento (id, COD_PROFESSOR, observacao, idAtendimento) VALUES (17, '84927', null, 1);
INSERT INTO sadc.Encaminhamento (id, COD_PROFESSOR, observacao, idAtendimento) VALUES (18, '100018', null, 2);
INSERT INTO sadc.Encaminhamento (id, COD_PROFESSOR, observacao, idAtendimento) VALUES (19, '14612', null, 3);
INSERT INTO sadc.Encaminhamento (id, COD_PROFESSOR, observacao, idAtendimento) VALUES (20, '105799', null, 4);
INSERT INTO sadc.Encaminhamento (id, COD_PROFESSOR, observacao, idAtendimento) VALUES (21, '114852', null, 4);
INSERT INTO sadc.Encaminhamento (id, COD_PROFESSOR, observacao, idAtendimento) VALUES (22, '117621', null, 5);
INSERT INTO sadc.Encaminhamento (id, COD_PROFESSOR, observacao, idAtendimento) VALUES (23, '105799', null, 5);
INSERT INTO sadc.Encaminhamento (id, COD_PROFESSOR, observacao, idAtendimento) VALUES (24, '114852', null, 5);
INSERT INTO sadc.Encaminhamento (id, COD_PROFESSOR, observacao, idAtendimento) VALUES (44, '121695', null, 6);
INSERT INTO sadc.Encaminhamento (id, COD_PROFESSOR, observacao, idAtendimento) VALUES (45, '131586', null, 6);
INSERT INTO sadc.Encaminhamento (id, COD_PROFESSOR, observacao, idAtendimento) VALUES (46, '117652', null, 6);
INSERT INTO sadc.Encaminhamento (id, COD_PROFESSOR, observacao, idAtendimento) VALUES (48, '121695', null, 7);
INSERT INTO sadc.Encaminhamento (id, COD_PROFESSOR, observacao, idAtendimento) VALUES (49, '122006', null, 8);
INSERT INTO sadc.Encaminhamento (id, COD_PROFESSOR, observacao, idAtendimento) VALUES (50, '14612', null, 8);
INSERT INTO sadc.Encaminhamento (id, COD_PROFESSOR, observacao, idAtendimento) VALUES (51, '45679', null, 9);
INSERT INTO sadc.EstudanteAprendizado (id, COD_MATRICULA, idAprendizado) VALUES (1, '2016103100511094', 3);
INSERT INTO sadc.EstudanteAprendizado (id, COD_MATRICULA, idAprendizado) VALUES (2, '2016103100511108', 3);
INSERT INTO sadc.EstudanteAprendizado (id, COD_MATRICULA, idAprendizado) VALUES (3, '2016103100511094', 3);
INSERT INTO sadc.EstudanteAprendizado (id, COD_MATRICULA, idAprendizado) VALUES (11, '2016103100511108', 6);
INSERT INTO sadc.EstudanteAprendizado (id, COD_MATRICULA, idAprendizado) VALUES (12, '2016103100511108', 6);
INSERT INTO sadc.EstudanteAprendizado (id, COD_MATRICULA, idAprendizado) VALUES (13, '2016103100511094', 6);
INSERT INTO sadc.EstudanteAprendizado (id, COD_MATRICULA, idAprendizado) VALUES (14, '2016103100511108', 4);
INSERT INTO sadc.EstudanteAprendizado (id, COD_MATRICULA, idAprendizado) VALUES (27, '2016103100511108', 2);
INSERT INTO sadc.EstudanteAprendizado (id, COD_MATRICULA, idAprendizado) VALUES (28, '2016103100511108', 2);
INSERT INTO sadc.EstudanteAprendizado (id, COD_MATRICULA, idAprendizado) VALUES (32, '2016103100511094', 1);
INSERT INTO sadc.EstudanteAprendizado (id, COD_MATRICULA, idAprendizado) VALUES (35, '2016103100511094', 8);
INSERT INTO sadc.EstudanteAprendizado (id, COD_MATRICULA, idAprendizado) VALUES (36, '2016103100511108', 9);
INSERT INTO sadc.EstudanteAprendizado (id, COD_MATRICULA, idAprendizado) VALUES (37, '2016103100511108', 9);
INSERT INTO sadc.EstudanteAprendizado (id, COD_MATRICULA, idAprendizado) VALUES (38, '2016103100511108', 12);
INSERT INTO sadc.EstudanteAprendizado (id, COD_MATRICULA, idAprendizado) VALUES (41, '2016103100511094', 7);
INSERT INTO sadc.EstudanteAprendizado (id, COD_MATRICULA, idAprendizado) VALUES (49, '2016103100510179', 13);
INSERT INTO sadc.EstudanteAprendizado (id, COD_MATRICULA, idAprendizado) VALUES (50, '2016103100510829', 13);
INSERT INTO sadc.EstudanteAprendizado (id, COD_MATRICULA, idAprendizado) VALUES (51, '2016103100511094', 13);
INSERT INTO sadc.EstudanteAprendizado (id, COD_MATRICULA, idAprendizado) VALUES (52, '2020103100510804', 14);
INSERT INTO sadc.EstudanteAprendizado (id, COD_MATRICULA, idAprendizado) VALUES (57, '2020103102340248', 17);
INSERT INTO sadc.EstudanteAprendizado (id, COD_MATRICULA, idAprendizado) VALUES (58, '2020103102340337', 17);
INSERT INTO sadc.EstudanteAprendizado (id, COD_MATRICULA, idAprendizado) VALUES (86, '2020103100510642', 19);
INSERT INTO sadc.EstudanteAprendizado (id, COD_MATRICULA, idAprendizado) VALUES (94, '2018103102340077', 15);
INSERT INTO sadc.EstudanteAprendizado (id, COD_MATRICULA, idAprendizado) VALUES (101, '2020103100510642', 18);
INSERT INTO sadc.EstudanteAprendizado (id, COD_MATRICULA, idAprendizado) VALUES (102, '2020103100510804', 18);
INSERT INTO sadc.EstudanteAprendizado (id, COD_MATRICULA, idAprendizado) VALUES (103, '2020103100510480', 18);
INSERT INTO sadc.EstudanteAprendizado (id, COD_MATRICULA, idAprendizado) VALUES (104, '2020103100510820', 18);
INSERT INTO sadc.EstudanteAprendizado (id, COD_MATRICULA, idAprendizado) VALUES (105, '2018103102340573', 20);
INSERT INTO sadc.EstudanteAprendizado (id, COD_MATRICULA, idAprendizado) VALUES (106, '2018103102340379', 20);
INSERT INTO sadc.EstudanteAprendizado (id, COD_MATRICULA, idAprendizado) VALUES (107, '2020103102340671', 21);
INSERT INTO sadc.EstudanteAprendizado (id, COD_MATRICULA, idAprendizado) VALUES (108, '2020103102340655', 21);
INSERT INTO sadc.EstudanteAprendizado (id, COD_MATRICULA, idAprendizado) VALUES (109, '2020103102340655', 22);
INSERT INTO sadc.EstudanteAprendizado (id, COD_MATRICULA, idAprendizado) VALUES (110, '2018103102340298', 23);
INSERT INTO sadc.EstudanteAprendizado (id, COD_MATRICULA, idAprendizado) VALUES (111, '2018103102340727', 23);
INSERT INTO sadc.EstudanteAprendizado (id, COD_MATRICULA, idAprendizado) VALUES (112, '2018103102340255', 23);
INSERT INTO sadc.EstudanteAprendizado (id, COD_MATRICULA, idAprendizado) VALUES (113, '2018103102340166', 24);
INSERT INTO sadc.EstudanteAprendizado (id, COD_MATRICULA, idAprendizado) VALUES (114, '2018103102340395', 24);
INSERT INTO sadc.EstudanteAprendizado (id, COD_MATRICULA, idAprendizado) VALUES (115, '2018103102340450', 24);
INSERT INTO sadc.EstudanteAprendizado (id, COD_MATRICULA, idAprendizado) VALUES (116, '2020103100510090', 16);
INSERT INTO sadc.EstudanteAprendizado (id, COD_MATRICULA, idAprendizado) VALUES (117, '2020103100510456', 16);
INSERT INTO sadc.EstudanteAprendizado (id, COD_MATRICULA, idAprendizado) VALUES (118, '1', 25);
INSERT INTO sadc.EstudanteAprendizado (id, COD_MATRICULA, idAprendizado) VALUES (119, '2', 25);
INSERT INTO sadc.EstudanteAprendizado (id, COD_MATRICULA, idAprendizado) VALUES (120, '3', 25);
INSERT INTO sadc.EstudanteAprendizado (id, COD_MATRICULA, idAprendizado) VALUES (121, '1', 26);
INSERT INTO sadc.EstudanteAprendizado (id, COD_MATRICULA, idAprendizado) VALUES (122, '2', 26);
INSERT INTO sadc.EstudanteAprendizado (id, COD_MATRICULA, idAprendizado) VALUES (123, '3', 26);
INSERT INTO sadc.EstudanteAprendizado (id, COD_MATRICULA, idAprendizado) VALUES (127, '2020103100510090', 27);
INSERT INTO sadc.EstudanteAprendizado (id, COD_MATRICULA, idAprendizado) VALUES (128, '2020103100510456', 27);
INSERT INTO sadc.EstudanteAprendizado (id, COD_MATRICULA, idAprendizado) VALUES (129, '2020103102340337', 28);
INSERT INTO sadc.Experiencia (id, idReuniao, titulo, observacao, data, idClassificacao) VALUES (12, 1, 'Um breve titulo 12', 'Alguma descrição longa.', '2020-05-09 06:37:31', 1);
INSERT INTO sadc.Experiencia (id, idReuniao, titulo, observacao, data, idClassificacao) VALUES (13, 1, 'Um breve titulo 1222', 'Alguma descrição longa.', '2020-05-09 06:38:41', 1);
INSERT INTO sadc.Experiencia (id, idReuniao, titulo, observacao, data, idClassificacao) VALUES (14, 1, 'Um breve titulo 1222', 'Alguma descri22ção longa.', '2020-05-09 06:38:46', 2);
INSERT INTO sadc.Experiencia (id, idReuniao, titulo, observacao, data, idClassificacao) VALUES (15, 1, 'Um breve titulo 1222', 'Alguma descri22ção longa.', '2020-05-09 06:38:53', 2);
INSERT INTO sadc.Experiencia (id, idReuniao, titulo, observacao, data, idClassificacao) VALUES (16, 1, 'Excesso de aulas teóricas', 'Grande parte das aulas abordam apenas o conteúdo teórico da disciplina.', '2020-05-09 10:57:45', 2);
INSERT INTO sadc.Experiencia (id, idReuniao, titulo, observacao, data, idClassificacao) VALUES (17, 1, 'Excesso de aulas teóricas', '', '2020-05-09 11:02:32', 2);
INSERT INTO sadc.Experiencia (id, idReuniao, titulo, observacao, data, idClassificacao) VALUES (18, 1, 'Excesso de aulas práticas', '', '2020-05-09 11:08:30', 1);
INSERT INTO sadc.Experiencia (id, idReuniao, titulo, observacao, data, idClassificacao) VALUES (19, 1, 'Falta de aulas teóricas', '', '2020-05-09 11:11:54', 3);
INSERT INTO sadc.Experiencia (id, idReuniao, titulo, observacao, data, idClassificacao) VALUES (20, 1, 'Excesso de aulas', '', '2020-05-09 11:16:43', 2);
INSERT INTO sadc.Experiencia (id, idReuniao, titulo, observacao, data, idClassificacao) VALUES (21, 1, 'Muita teoria', 'AAAA', '2020-05-11 08:21:17', 1);
INSERT INTO sadc.Experiencia (id, idReuniao, titulo, observacao, data, idClassificacao) VALUES (22, 1, 'Aaaaa', 'aa', '2020-05-11 08:22:15', 1);
INSERT INTO sadc.Experiencia (id, idReuniao, titulo, observacao, data, idClassificacao) VALUES (23, 72, 'Legal', 'Muit legal', '2020-06-04 10:04:35', 3);
INSERT INTO sadc.Experiencia (id, idReuniao, titulo, observacao, data, idClassificacao) VALUES (24, 78, 'Outro teste', '123', '2020-06-04 10:22:33', 2);
INSERT INTO sadc.Experiencia (id, idReuniao, titulo, observacao, data, idClassificacao) VALUES (25, 82, 'Slva', '11', '2020-06-05 01:46:40', 4);
INSERT INTO sadc.Experiencia (id, idReuniao, titulo, observacao, data, idClassificacao) VALUES (26, 78, 'Uma descrição com disciplinas', 'Tomara que salve tudo certinho!!!', '2020-06-06 11:48:04', 2);
INSERT INTO sadc.Experiencia (id, idReuniao, titulo, observacao, data, idClassificacao) VALUES (27, 78, 'Uma descrição com disciplinas222', 'Tomara que salve tudo certinho!!!', '2020-06-06 11:49:50', 4);
INSERT INTO sadc.Experiencia (id, idReuniao, titulo, observacao, data, idClassificacao) VALUES (28, 78, 'tttt', '123', '2020-06-06 11:52:36', 3);
INSERT INTO sadc.Experiencia (id, idReuniao, titulo, observacao, data, idClassificacao) VALUES (29, 78, 'UU', 'asd', '2020-06-06 11:53:14', 3);
INSERT INTO sadc.Experiencia (id, idReuniao, titulo, observacao, data, idClassificacao) VALUES (30, 79, 'Aulas téoricas em excesso', 'Muita teoria.', '2020-06-07 08:36:29', 2);
INSERT INTO sadc.Experiencia (id, idReuniao, titulo, observacao, data, idClassificacao) VALUES (32, 82, 'Nova', '1111111111', '2020-06-08 06:49:27', 2);
INSERT INTO sadc.Experiencia (id, idReuniao, titulo, observacao, data, idClassificacao) VALUES (33, 85, 'Excelente didática', 'Belas explicações', '2020-06-08 07:15:54', 1);
INSERT INTO sadc.Experiencia (id, idReuniao, titulo, observacao, data, idClassificacao) VALUES (34, 85, 'Divisão de notas', 'As notas trimestrais foram divididas muito bem', '2020-06-08 07:16:37', 1);
INSERT INTO sadc.Experiencia (id, idReuniao, titulo, observacao, data, idClassificacao) VALUES (35, 85, 'Ausência de teoria', 'Muito difícil', '2020-06-08 07:17:40', 2);
INSERT INTO sadc.Experiencia (id, idReuniao, titulo, observacao, data, idClassificacao) VALUES (36, 1, 'Um breve titulo 1222', 'Alguma descri22ção longa.', '2020-06-16 01:37:40', 2);
INSERT INTO sadc.Experiencia (id, idReuniao, titulo, observacao, data, idClassificacao) VALUES (37, 1, 'Um breve titulo 1222', 'Alguma descri22ção longa.', '2020-06-16 01:38:40', 2);
INSERT INTO sadc.Experiencia (id, idReuniao, titulo, observacao, data, idClassificacao) VALUES (38, 1, 'Um breve titulo 1222', 'Alguma descri22ção longa.', '2020-06-16 01:38:51', 2);
INSERT INTO sadc.Experiencia (id, idReuniao, titulo, observacao, data, idClassificacao) VALUES (39, 1, 'Um breve titulo 1222', 'Alguma descri22ção longa.', '2020-06-16 01:38:52', 2);
INSERT INTO sadc.Experiencia (id, idReuniao, titulo, observacao, data, idClassificacao) VALUES (40, 1, 'Um breve titulo 1222', 'Alguma descri22ção longa.', '2020-06-16 01:39:05', 2);
INSERT INTO sadc.Experiencia (id, idReuniao, titulo, observacao, data, idClassificacao) VALUES (41, 1, 'Um breve titulo 1222', 'Alguma descri22ção longa.', '2020-06-16 01:39:07', 2);
INSERT INTO sadc.Experiencia (id, idReuniao, titulo, observacao, data, idClassificacao) VALUES (42, 82, 'Doido', '123', '2020-06-16 03:32:54', 3);
INSERT INTO sadc.Perfil (id, nome, descricao, tipo) VALUES (1, 'Faltoso', null, 0x30);
INSERT INTO sadc.Perfil (id, nome, descricao, tipo) VALUES (2, 'Indisciplina', null, 0x30);
INSERT INTO sadc.Perfil (id, nome, descricao, tipo) VALUES (3, 'Problemas de Saúde', null, 0x30);
INSERT INTO sadc.Perfil (id, nome, descricao, tipo) VALUES (4, 'Problemas Emocionais', null, 0x30);
INSERT INTO sadc.Perfil (id, nome, descricao, tipo) VALUES (5, 'Falta de Estudo', null, 0x30);
INSERT INTO sadc.Perfil (id, nome, descricao, tipo) VALUES (6, 'Baixo Rendimento', null, 0x30);
INSERT INTO sadc.Perfil (id, nome, descricao, tipo) VALUES (7, 'Apresentou Progresso', null, 0x31);
INSERT INTO sadc.Perfil (id, nome, descricao, tipo) VALUES (8, 'Estudante Destaque', null, 0x31);
INSERT INTO sadc.Permissao (usuario, acesso) VALUES (14, 4);
INSERT INTO sadc.Permissao (usuario, acesso) VALUES (16, 5);
INSERT INTO sadc.Permissao (usuario, acesso) VALUES (18, 3);
INSERT INTO sadc.Permissao (usuario, acesso) VALUES (137, 4);
INSERT INTO sadc.Permissao (usuario, acesso) VALUES (143, 2);
INSERT INTO sadc.Permissao (usuario, acesso) VALUES (145, 2);
INSERT INTO sadc.Permissao (usuario, acesso) VALUES (175, 4);
INSERT INTO sadc.Permissao (usuario, acesso) VALUES (177, 4);
INSERT INTO sadc.Permissao (usuario, acesso) VALUES (179, 6);
INSERT INTO sadc.Permissao (usuario, acesso) VALUES (182, 5);
INSERT INTO sadc.Permissao (usuario, acesso) VALUES (186, 6);
INSERT INTO sadc.Permissao (usuario, acesso) VALUES (187, 6);
INSERT INTO sadc.Permissao (usuario, acesso) VALUES (188, 5);
INSERT INTO sadc.Permissao (usuario, acesso) VALUES (189, 5);
INSERT INTO sadc.Permissao (usuario, acesso) VALUES (190, 5);
INSERT INTO sadc.Permissao (usuario, acesso) VALUES (191, 3);
INSERT INTO sadc.Permissao (usuario, acesso) VALUES (192, 5);
INSERT INTO sadc.Reuniao (id, COD_TURMA, data, etapaConselho, finalizado, memoria) VALUES (1, 't', '2019-03-05', '1', 1, 'AAAAAAAAAAAAsasd22222898');
INSERT INTO sadc.Reuniao (id, COD_TURMA, data, etapaConselho, finalizado, memoria) VALUES (5, 't', '2019-03-05', '1', 1, null);
INSERT INTO sadc.Reuniao (id, COD_TURMA, data, etapaConselho, finalizado, memoria) VALUES (6, 't', '2019-03-05', '1', 1, null);
INSERT INTO sadc.Reuniao (id, COD_TURMA, data, etapaConselho, finalizado, memoria) VALUES (7, 't', '2019-03-05', '1', 1, null);
INSERT INTO sadc.Reuniao (id, COD_TURMA, data, etapaConselho, finalizado, memoria) VALUES (8, 't', '2019-03-05', '1', 1, null);
INSERT INTO sadc.Reuniao (id, COD_TURMA, data, etapaConselho, finalizado, memoria) VALUES (9, 't', '2019-03-05', '1', 1, null);
INSERT INTO sadc.Reuniao (id, COD_TURMA, data, etapaConselho, finalizado, memoria) VALUES (10, 't', '2019-03-05', '1', 1, 'Muito legal isso estar salvando!');
INSERT INTO sadc.Reuniao (id, COD_TURMA, data, etapaConselho, finalizado, memoria) VALUES (11, 't', '2019-03-05', '1', 1, 'terdum mauris rutrum. Aenean egestas sodales elementum. Integer vel lorem sed libero tempor convallis eget sed ipsum. Suspendisse vehicula tincidunt massa sit amet finibus. Integer varius, lacus nec consequat mollis, orci quam egestas nisi, quis euismod nulla dui id nibh. Nullam sit amet maximus lectus. In blandit nisi tincidunt quam scelerisque, rhoncus fringilla tortor efficitur. Aenean felis arcu, varius ultrices elit eget, mattis vulputate enim. Nulla hendrerit condimentum erat, ac pellentesque tortor interdum iaculis. Sed in enim vitae ipsum tincidunt feugiat sit amet a ligula. Mauris sit amet eleifend enim, sit amet lacinia nibh. Sed sodales nulla eu leo rhoncus, sed euismod ex pharetra. Maecenas et lacus id tortor dictum egestas. Fusce nunc diam, cursus sed ornare sed, vehicula nec lorem. Vestibulum fringilla felis justo, a tincidunt ipsum bibendum quis. Vivamus maximus viverra commodo. Aenean ut dui sit amet massa vehicula vulputate. Pellentesque eget finibus arcu, vitae scelerisque odio. Duis faucibus urna vitae feugiat commodo. Pellentesque habitant morbi tristique senectus et netus et malesuada fames ac turpis egestas. Cras quis laoreet turpis, a fringilla dui. Vestibulum at dui sed arcu varius sodales fermentum nec nisl. Donec sit amet enim sed nibh lobortis sollicitudin non ut turpis. Nullam sed porta libero, vel suscipit sapien. Curabitur pretium mattis libero, sed sollicitudin urna malesuada eget. Vestibulum vehicula ac lectus a blandit. Donec at accumsan nulla. Phasellus laoreet elit ac neque tempus rhoncus. Nunc ac leo at quam semper faucibus in vel purus. Proin eleifend in est eu rutrum. Morbi volutpat sem mauris, id aliquet orci imperdiet ac. Suspendisse gravida tristique augue aliquam feugiat. Donec orci est, fermentum sit amet aliquet id, pellentesque quis nibh. Phasellus diam est, tincidunt eget egestas eu, placerat et diam. Donec tempus mauris sed bibendum aliquet. Suspendisse vel ultricies nisl. Integer rhoncus convallis molestie. Proin nec aliquam ligula. Nunc commodo purus iaculis, vehicula leo nec, mattis nunc. Duis facilisis, sapien eu sollicitudin hendrerit, ligula neque pulvinar nisi, sed finibus sem diam sit amet lectus. Morbi scelerisque placerat tellus a porta. Curabitur eget elit ligula. Nulla vulputate massa vel nisl aliquam, eget rhoncus urna vehicula. Donec non nisi ut urna elementum ultricies ut at ipsum. Sed gravida gravida orci vel suscipit. Curabitur vel sem a eros imperdiet vestibulum. Maecenas elit elit, porttitor fringilla ornare vel, feugiat sed arcu. onec sed tortor quis turpis efficitur pretium id eget elit. Nunc sagittis interdum elit, sit amet volutpat velit. Suspendisse ac odio sed quam pretium luctus. Aenean in consequat urna. Sed tincidunt sapien tellus, sit amet varius sem dictum sed. Etiam ac sem varius quam suscipit viverra eu vel nulla. Pellentesque scelerisque aliquam nibh, vitae euismod dui viverra nec. Sed rhoncus sapien vitae orci feugiat, in tempus lectus commodo. Proin ultrices posuere leo, in suscipit mi pretium quis.');
INSERT INTO sadc.Reuniao (id, COD_TURMA, data, etapaConselho, finalizado, memoria) VALUES (12, 't', '2019-03-05', '1', 1, 'Lorem ipsum dolor sit amet, consectetur adipiscing elit. Proin aliquam ligula viverra odio aliquet accumsan. Proin sollicitudin, augue vel tempor malesuada, nulla ex sagittis turpis, sed tristique nibh eros vel diam. Morbi malesuada lectus eget viverra elementum. Cras eros odio, finibus id lacinia at, hendrerit bibendum ipsum. Aliquam aliquam consectetur nunc vel condimentum. Maecenas vitae malesuada ipsum. Mauris eu posuere magna, nec consequat ante. Integer condimentum purus maximus, convallis nibh vel, vulputate nisi. Duis ac dui laoreet, hendrerit quam id, dignissim augue. Phasellus luctus malesuada diam eu suscipit. Vivamus vulputate sed est ac finibus. In sit amet leo mi. Ut ac dignissim felis. Cras ultricies diam tellus, vitae consequat magna commodo et. In hac habitasse platea dictumst. Integer fermentum quam mauris, vitae facilisis eros tempus at. Quisque vel accumsan lacus. Nullam consequat egestas nisi. Maecenas eu ligula tortor. Sed at blandit nunc, et suscipit lectus. Praesent a euismod arcu, in interdum nunc. Nulla ullamcorper, odio eget consequat tristique, purus metus euismod metus, eu posuere ex libero vitae ex. Aenean euismod ex sem, laoreet consectetur arcu viverra sit amet. Ut rutrum leo erat, a porttitor dolor luctus et. Donec id tortor accumsan, euismod erat tincidunt, tincidunt nunc. Donec eu eros nisi. Phasellus non imperdiet est. Mauris vitae lectus at mi rutrum ultricies. Sed quis aliquet arcu. Etiam eget nunc sagittis, luctus urna pulvinar, malesuada enim. Proin in maximus tortor. Integer elit orci, vestibulum at dui in, tristique blandit augue. Sed malesuada eleifend tempor. Nulla vel elementum libero. Etiam id purus suscipit nulla faucibus lobortis a quis est. Proin hendrerit quam sit amet purus convallis interdum. Nulla libero neque, ornare vel enim quis, tristique porta velit. In id neque sit amet massa dapibus feugiat. Nullam sed nisl et ante tristique efficitur. Orci varius natoque penatibus et magnis dis parturient montes, nascetur ridiculus mus. Donec et ante porta, elementum purus quis, semper sapien. Ut congue nec nibh id dapibus. Sed id lacus dignissim, posuere est a, posuere mauris. Donec ullamcorper mollis orci eget ornare. Morbi faucibus placerat quam. Vivamus urna ligula, tempor ac nulla at, egestas cursus justo. Suspendisse ex ex, consequat eu diam id, pharetra fermentum sapien. Class aptent taciti sociosqu ad litora torquent per conubia nostra, per inceptos himenaeos. Ut bibendum iaculis sem, ut fringilla purus vulputate eu. Quisque pretium rutrum laoreet. Nulla et mi sollicitudin, tempus augue in, congue velit. Praesent venenatis ipsum eget faucibus pulvinar. Donec elit libero, feugiat eget facilisis sit amet, accumsan sed urna. Mauris luctus felis felis, ut placerat risus dictum vitae. Proin sit amet egestas turpis, eget finibus neque. Etiam blandit mollis lacus, non tempus elit. Cras ex purus, luctus vel leo vel, ornare lobortis velit. Maecenas elementum leo sed nulla lacinia, sit amet mollis odio gravida. Suspendisse ornare felis in massa egestas, scelerisque interdum mauris rutrum. Aenean egestas sodales elementum. Integer vel lorem sed libero tempor convallis eget sed ipsum. Suspendisse vehicula tincidunt massa sit amet finibus. Integer varius, lacus nec consequat mollis, orci quam egestas nisi, quis euismod nulla dui id nibh. Nullam sit amet maximus lectus. In blandit nisi tincidunt quam scelerisque, rhoncus fringilla tortor efficitur. Aenean felis arcu, varius ultrices elit eget, mattis vulputate enim. Nulla hendrerit condimentum erat, ac pellentesque tortor interdum iaculis. Sed in enim vitae ipsum tincidunt feugiat sit amet a ligula. Mauris sit amet eleifend enim, sit amet lacinia nibh. Sed sodales nulla eu leo rhoncus, sed euismod ex pharetra. Maecenas et lacus id tortor dictum egestas. Fusce nunc diam, cursus sed ornare sed, vehicula nec lorem. Vestibulum fringilla felis justo, a tincidunt ipsum bibendum quis. Vivamus maximus viverra commodo. Aenean ut dui sit amet massa vehicula vulputate. Pellentesque eget finibus arcu, vitae scelerisque odio. Duis faucibus urna vitae feugiat commodo. Pellentesque habitant morbi tristique senectus et netus et malesuada fames ac turpis egestas. Cras quis laoreet turpis, a fringilla dui. Vestibulum at dui sed arcu varius sodales fermentum nec nisl. Donec sit amet enim sed nibh lobortis sollicitudin non ut turpis. Nullam sed porta libero, vel suscipit sapien. Curabitur pretium mattis libero, sed sollicitudin urna malesuada eget. Vestibulum vehicula ac lectus a blandit. Donec at accumsan nulla. Phasellus laoreet elit ac neque tempus rhoncus. Nunc ac leo at quam semper faucibus in vel purus. Proin eleifend in est eu rutrum. Morbi volutpat sem mauris, id aliquet orci imperdiet ac. Suspendisse gravida tristique augue aliquam feugiat. Donec orci est, fermentum sit amet aliquet id, pellentesque quis nibh. Phasellus diam est, tincidunt eget egestas eu, placerat et diam. Donec tempus mauris sed bibendum aliquet. Suspendisse vel ultricies nisl. Integer rhoncus convallis molestie. Proin nec aliquam ligula. Nunc commodo purus iaculis, vehicula leo nec, mattis nunc. Duis facilisis, sapien eu sollicitudin hendrerit, ligula neque pulvinar nisi, sed finibus sem diam sit amet lectus. Morbi scelerisque placerat tellus a porta. Curabitur eget elit ligula. Nulla vulputate massa vel nisl aliquam, eget rhoncus urna vehicula. Donec non nisi ut urna elementum ultricies ut at ipsum. Sed gravida gravida orci vel suscipit. Curabitur vel sem a eros imperdiet vestibulum. Maecenas elit elit, porttitor fringilla ornare vel, feugiat sed arcu. onec sed tortor quis turpis efficitur pretium id eget elit. Nunc sagittis interdum elit, sit amet volutpat velit. Suspendisse ac odio sed quam pretium luctus. Aenean in consequat urna. Sed tincidunt sapien tellus, sit amet varius sem dictum sed. Etiam ac sem varius quam suscipit viverra eu vel nulla. Pellentesque scelerisque aliquam nibh, vitae euismod dui viverra nec. Sed rhoncus sapien vitae orci feugiat, in tempus lectus commodo. Proin ultrices posuere leo, in suscipit mi pretium quis.');
INSERT INTO sadc.Reuniao (id, COD_TURMA, data, etapaConselho, finalizado, memoria) VALUES (13, 't', '2019-03-05', '1', 1, 'Lorem ipsum dolor sit amet, consectetur adipiscing elit. Proin aliquam ligula viverra odio aliquet accumsan. Proin sollicitudin, augue vel tempor malesuada, nulla ex sagittis turpis, sed tristique nibh eros vel diam. Morbi malesuada lectus eget viverra elementum. Cras eros odio, finibus id lacinia at, hendrerit bibendum ipsum. Aliquam aliquam consectetur nunc vel condimentum. Maecenas vitae malesuada ipsum. Mauris eu posuere magna, nec consequat ante. Integer condimentum purus maximus, convallis nibh vel, vulputate nisi. Duis ac dui laoreet, hendrerit quam id, dignissim augue. Phasellus luctus malesuada diam eu suscipit. Vivamus vulputate sed est ac finibus. In sit amet leo mi. Ut ac dignissim felis. Cras ultricies diam tellus, vitae consequat magna commodo et. In hac habitasse platea dictumst. Integer fermentum quam mauris, vitae facilisis eros tempus at. Quisque vel accumsan lacus. Nullam consequat egestas nisi. Maecenas eu ligula tortor. Sed at blandit nunc, et suscipit lectus. Praesent a euismod arcu, in interdum nunc. Nulla ullamcorper, odio eget consequat tristique, purus metus euismod metus, eu posuere ex libero vitae ex. Aenean euismod ex sem, laoreet consectetur arcu viverra sit amet. Ut rutrum leo erat, a porttitor dolor luctus et. Donec id tortor accumsan, euismod erat tincidunt, tincidunt nunc. Donec eu eros nisi. Phasellus non imperdiet est. Mauris vitae lectus at mi rutrum ultricies. Sed quis aliquet arcu. Etiam eget nunc sagittis, luctus urna pulvinar, malesuada enim. Proin in maximus tortor. Integer elit orci, vestibulum at dui in, tristique blandit augue. Sed malesuada eleifend tempor. Nulla vel elementum libero. Etiam id purus suscipit nulla faucibus lobortis a quis est. Proin hendrerit quam sit amet purus convallis interdum. Nulla libero neque, ornare vel enim quis, tristique porta velit. In id neque sit amet massa dapibus feugiat. Nullam sed nisl et ante tristique efficitur. Orci varius natoque penatibus et magnis dis parturient montes, nascetur ridiculus mus. Donec et ante porta, elementum purus quis, semper sapien. Ut congue nec nibh id dapibus. Sed id lacus dignissim, posuere est a, posuere mauris. Donec ullamcorper mollis orci eget ornare. Morbi faucibus placerat quam. Vivamus urna ligula, tempor ac nulla at, egestas cursus justo. Suspendisse ex ex, consequat eu diam id, pharetra fermentum sapien. Class aptent taciti sociosqu ad litora torquent per conubia nostra, per inceptos himenaeos. Ut bibendum iaculis sem, ut fringilla purus vulputate eu. Quisque pretium rutrum laoreet. Nulla et mi sollicitudin, tempus augue in, congue velit. Praesent venenatis ipsum eget faucibus pulvinar. Donec elit libero, feugiat eget facilisis sit amet, accumsan sed urna. Mauris luctus felis felis, ut placerat risus dictum vitae. Proin sit amet egestas turpis, eget finibus neque. Etiam blandit mollis lacus, non tempus elit. Cras ex purus, luctus vel leo vel, ornare lobortis velit. Maecenas elementum leo sed nulla lacinia, sit amet mollis odio gravida. Suspendisse ornare felis in massa egestas, scelerisque interdum mauris rutrum. Aenean egestas sodales elementum. Integer vel lorem sed libero tempor convallis eget sed ipsum. Suspendisse vehicula tincidunt massa sit amet finibus. Integer varius, lacus nec consequat mollis, orci quam egestas nisi, quis euismod nulla dui id nibh. Nullam sit amet maximus lectus. In blandit nisi tincidunt quam scelerisque, rhoncus fringilla tortor efficitur. Aenean felis arcu, varius ultrices elit eget, mattis vulputate enim. Nulla hendrerit condimentum erat, ac pellentesque tortor interdum iaculis. Sed in enim vitae ipsum tincidunt feugiat sit amet a ligula. Mauris sit amet eleifend enim, sit amet lacinia nibh. Sed sodales nulla eu leo rhoncus, sed euismod ex pharetra. Maecenas et lacus id tortor dictum egestas. Fusce nunc diam, cursus sed ornare sed, vehicula nec lorem. Vestibulum fringilla felis justo, a tincidunt ipsum bibendum quis. Vivamus maximus viverra commodo. Aenean ut dui sit amet massa vehicula vulputate. Pellentesque eget finibus arcu, vitae scelerisque odio. Duis faucibus urna vitae feugiat commodo. Pellentesque habitant morbi tristique senectus et netus et malesuada fames ac turpis egestas. Cras quis laoreet turpis, a fringilla dui. Vestibulum at dui sed arcu varius sodales fermentum nec nisl. Donec sit amet enim sed nibh lobortis sollicitudin non ut turpis. Nullam sed porta libero, vel suscipit sapien. Curabitur pretium mattis libero, sed sollicitudin urna malesuada eget. Vestibulum vehicula ac lectus a blandit. Donec at accumsan nulla. Phasellus laoreet elit ac neque tempus rhoncus. Nunc ac leo at quam semper faucibus in vel purus. Proin eleifend in est eu rutrum. Morbi volutpat sem mauris, id aliquet orci imperdiet ac. Suspendisse gravida tristique augue aliquam feugiat. Donec orci est, fermentum sit amet aliquet id, pellentesque quis nibh. Phasellus diam est, tincidunt eget egestas eu, placerat et diam. Donec tempus mauris sed bibendum aliquet. Suspendisse vel ultricies nisl. Integer rhoncus convallis molestie. Proin nec aliquam ligula. Nunc commodo purus iaculis, vehicula leo nec, mattis nunc. Duis facilisis, sapien eu sollicitudin hendrerit, ligula neque pulvinar nisi, sed finibus sem diam sit amet lectus. Morbi scelerisque placerat tellus a porta. Curabitur eget elit ligula. Nulla vulputate massa vel nisl aliquam, eget rhoncus urna vehicula. Donec non nisi ut urna elementum ultricies ut at ipsum. Sed gravida gravida orci vel suscipit. Curabitur vel sem a eros imperdiet vestibulum. Maecenas elit elit, porttitor fringilla ornare vel, feugiat sed arcu. onec sed tortor quis turpis efficitur pretium id eget elit. Nunc sagittis interdum elit, sit amet volutpat velit. Suspendisse ac odio sed quam pretium luctus. Aenean in consequat urna. Sed tincidunt sapien tellus, sit amet varius sem dictum sed. Etiam ac sem varius quam suscipit viverra eu vel nulla. Pellentesque scelerisque aliquam nibh, vitae euismod dui viverra nec. Sed rhoncus sapien vitae orci feugiat, in tempus lectus commodo. Proin ultrices posuere leo, in suscipit mi pretium quis.');
INSERT INTO sadc.Reuniao (id, COD_TURMA, data, etapaConselho, finalizado, memoria) VALUES (14, 't', '2019-03-05', '1', 1, '');
INSERT INTO sadc.Reuniao (id, COD_TURMA, data, etapaConselho, finalizado, memoria) VALUES (15, 't', '2019-03-05', '1', 1, null);
INSERT INTO sadc.Reuniao (id, COD_TURMA, data, etapaConselho, finalizado, memoria) VALUES (16, 't', '2019-03-05', '1', 1, null);
INSERT INTO sadc.Reuniao (id, COD_TURMA, data, etapaConselho, finalizado, memoria) VALUES (18, 't', '2019-03-05', '1', 1, null);
INSERT INTO sadc.Reuniao (id, COD_TURMA, data, etapaConselho, finalizado, memoria) VALUES (19, 't', '2019-03-05', '1', 1, null);
INSERT INTO sadc.Reuniao (id, COD_TURMA, data, etapaConselho, finalizado, memoria) VALUES (20, 't', '2019-03-05', '1', 1, null);
INSERT INTO sadc.Reuniao (id, COD_TURMA, data, etapaConselho, finalizado, memoria) VALUES (21, 't', '2019-03-05', '1', 1, null);
INSERT INTO sadc.Reuniao (id, COD_TURMA, data, etapaConselho, finalizado, memoria) VALUES (22, 't', '2019-03-05', '1', 1, null);
INSERT INTO sadc.Reuniao (id, COD_TURMA, data, etapaConselho, finalizado, memoria) VALUES (23, 't', '2019-03-05', '1', 1, null);
INSERT INTO sadc.Reuniao (id, COD_TURMA, data, etapaConselho, finalizado, memoria) VALUES (24, 't', '2019-03-05', '1', 1, null);
INSERT INTO sadc.Reuniao (id, COD_TURMA, data, etapaConselho, finalizado, memoria) VALUES (25, 't', '2019-03-05', '1', 1, null);
INSERT INTO sadc.Reuniao (id, COD_TURMA, data, etapaConselho, finalizado, memoria) VALUES (26, 't', '2019-03-05', '1', 1, null);
INSERT INTO sadc.Reuniao (id, COD_TURMA, data, etapaConselho, finalizado, memoria) VALUES (27, 't', '2019-03-05', '1', 1, null);
INSERT INTO sadc.Reuniao (id, COD_TURMA, data, etapaConselho, finalizado, memoria) VALUES (29, '20201.03AGP10I.1B', '2019-03-05', '1', 1, null);
INSERT INTO sadc.Reuniao (id, COD_TURMA, data, etapaConselho, finalizado, memoria) VALUES (30, '20201.03AGP10I.1C', '2019-03-05', '1', 1, null);
INSERT INTO sadc.Reuniao (id, COD_TURMA, data, etapaConselho, finalizado, memoria) VALUES (31, '20201.03AGP10I.2A', '2019-03-05', '1', 1, null);
INSERT INTO sadc.Reuniao (id, COD_TURMA, data, etapaConselho, finalizado, memoria) VALUES (32, '20201.03AGP10I.1B', '2019-03-05', '1', 1, null);
INSERT INTO sadc.Reuniao (id, COD_TURMA, data, etapaConselho, finalizado, memoria) VALUES (33, '20201.03AGP10I.2B', '2019-03-05', '1', 1, null);
INSERT INTO sadc.Reuniao (id, COD_TURMA, data, etapaConselho, finalizado, memoria) VALUES (34, '20201.03AGP10I.3A', '2020-03-01', '1', 1, null);
INSERT INTO sadc.Reuniao (id, COD_TURMA, data, etapaConselho, finalizado, memoria) VALUES (72, '20201.03AGP10I.1B', '2019-03-05', '1', 1, 'Memória Qualquer');
INSERT INTO sadc.Reuniao (id, COD_TURMA, data, etapaConselho, finalizado, memoria) VALUES (73, '20201.03INI10I.2A', '2019-03-05', '1', 1, null);
INSERT INTO sadc.Reuniao (id, COD_TURMA, data, etapaConselho, finalizado, memoria) VALUES (74, '20201.03INI10I.2B', '2019-03-05', '1', 1, null);
INSERT INTO sadc.Reuniao (id, COD_TURMA, data, etapaConselho, finalizado, memoria) VALUES (75, '20201.03INI10I.3A', '2019-03-05', '1', 1, null);
INSERT INTO sadc.Reuniao (id, COD_TURMA, data, etapaConselho, finalizado, memoria) VALUES (76, '20201.03INI10I.3B', '2019-03-05', '1', 1, null);
INSERT INTO sadc.Reuniao (id, COD_TURMA, data, etapaConselho, finalizado, memoria) VALUES (77, '20201.03AGP10I.1B', '2020-06-04', '1', 1, null);
INSERT INTO sadc.Reuniao (id, COD_TURMA, data, etapaConselho, finalizado, memoria) VALUES (78, '20201.03INI10I.3A', '2020-06-04', '1', 1, 'Legal demais');
INSERT INTO sadc.Reuniao (id, COD_TURMA, data, etapaConselho, finalizado, memoria) VALUES (79, '20201.03AGP10I.1C', '2020-06-04', '1', 1, 'Legal demais');
INSERT INTO sadc.Reuniao (id, COD_TURMA, data, etapaConselho, finalizado, memoria) VALUES (80, '20201.03AGP10I.1A', '2020-06-05', '1', 0, null);
INSERT INTO sadc.Reuniao (id, COD_TURMA, data, etapaConselho, finalizado, memoria) VALUES (81, '20201.03AMB10I.1A', '2020-06-05', '1', 0, 'Uma reunião bem conduzida.');
INSERT INTO sadc.Reuniao (id, COD_TURMA, data, etapaConselho, finalizado, memoria) VALUES (82, '20201.03INI10I.1A', '2020-06-05', '1', 0, 'A memória da reunião.');
INSERT INTO sadc.Reuniao (id, COD_TURMA, data, etapaConselho, finalizado, memoria) VALUES (83, '20201.03AGP10I.1B', '2020-06-08', '1', 0, null);
INSERT INTO sadc.Reuniao (id, COD_TURMA, data, etapaConselho, finalizado, memoria) VALUES (84, '20201.03AGP10I.1C', '2020-06-08', '1', 0, null);
INSERT INTO sadc.Reuniao (id, COD_TURMA, data, etapaConselho, finalizado, memoria) VALUES (85, '20201.03INI10I.3A', '2020-06-08', '1', 0, null);
INSERT INTO sadc.Reuniao (id, COD_TURMA, data, etapaConselho, finalizado, memoria) VALUES (86, '20201.03AMB10I.1B', '2020-06-14', '1', 0, null);
INSERT INTO sadc.Reuniao (id, COD_TURMA, data, etapaConselho, finalizado, memoria) VALUES (87, '20201.03INI10I.1B', '2020-06-14', '1', 0, null);
INSERT INTO sadc.Reuniao (id, COD_TURMA, data, etapaConselho, finalizado, memoria) VALUES (88, '20201.03AGP10I.1B', '2020-06-14', '1', 0, null);
INSERT INTO sadc.Reuniao (id, COD_TURMA, data, etapaConselho, finalizado, memoria) VALUES (89, '20201.03AGP10I.1B', '2020-06-15', '1', 0, null);
INSERT INTO sadc.Reuniao (id, COD_TURMA, data, etapaConselho, finalizado, memoria) VALUES (90, '20201.03AGP10I.1C', '2020-06-15', '1', 0, null);
INSERT INTO sadc.Reuniao (id, COD_TURMA, data, etapaConselho, finalizado, memoria) VALUES (91, '20201.03AGP10I.2A', '2020-06-15', '1', 0, null);
INSERT INTO sadc.Reuniao (id, COD_TURMA, data, etapaConselho, finalizado, memoria) VALUES (92, '20201.03AGP10I.1B', '2020-06-15', '1', 0, null);
INSERT INTO sadc.Reuniao (id, COD_TURMA, data, etapaConselho, finalizado, memoria) VALUES (93, '20201.03AGP10I.2B', '2020-06-15', '1', 0, null);
INSERT INTO sadc.Reuniao (id, COD_TURMA, data, etapaConselho, finalizado, memoria) VALUES (94, '20201.03AGP10I.3A', '2020-06-15', '1', 0, null);
INSERT INTO sadc.Reuniao (id, COD_TURMA, data, etapaConselho, finalizado, memoria) VALUES (95, '20201.03AGP10I.1B', '2020-06-15', '1', 0, null);
INSERT INTO sadc.Reuniao (id, COD_TURMA, data, etapaConselho, finalizado, memoria) VALUES (96, '20201.03INI10I.2A', '2020-06-15', '1', 0, null);
INSERT INTO sadc.Reuniao (id, COD_TURMA, data, etapaConselho, finalizado, memoria) VALUES (97, '20201.03INI10I.2B', '2020-06-15', '1', 0, null);
INSERT INTO sadc.Reuniao (id, COD_TURMA, data, etapaConselho, finalizado, memoria) VALUES (98, '20201.03INI10I.3A', '2020-06-15', '1', 0, null);
INSERT INTO sadc.Reuniao (id, COD_TURMA, data, etapaConselho, finalizado, memoria) VALUES (99, '20201.03INI10I.3B', '2020-06-15', '1', 0, null);
INSERT INTO sadc.Reuniao (id, COD_TURMA, data, etapaConselho, finalizado, memoria) VALUES (100, '20201.03AGP10I.3B', '2020-06-15', '1', 0, null);
INSERT INTO sadc.Reuniao (id, COD_TURMA, data, etapaConselho, finalizado, memoria) VALUES (101, '20201.03AMB10I.2A', '2020-06-15', '1', 0, null);
INSERT INTO sadc.Reuniao (id, COD_TURMA, data, etapaConselho, finalizado, memoria) VALUES (102, '20201.03AMB10I.2B', '2020-06-15', '1', 0, null);
INSERT INTO sadc.Reuniao (id, COD_TURMA, data, etapaConselho, finalizado, memoria) VALUES (103, '20201.03AMB10I.3A', '2020-06-15', '1', 0, null);
INSERT INTO sadc.Reuniao (id, COD_TURMA, data, etapaConselho, finalizado, memoria) VALUES (104, '20201.03AMB10I.3B', '2020-06-15', '1', 0, null);
INSERT INTO sadc.Usuario (id, COD_MATRICULA, COD_TURMA, COD_CURSO, data_inicio, data_fim, senha, COD_PESSOA) VALUES (14, 'Alexandre', null, '1', '2020-05-24', '2020-05-24', 'criptografia', null);
INSERT INTO sadc.Usuario (id, COD_MATRICULA, COD_TURMA, COD_CURSO, data_inicio, data_fim, senha, COD_PESSOA) VALUES (16, '2017103202030090', null, '2', '2020-05-24', '2020-05-27', '12345', null);
INSERT INTO sadc.Usuario (id, COD_MATRICULA, COD_TURMA, COD_CURSO, data_inicio, data_fim, senha, COD_PESSOA) VALUES (17, 'gerente', null, null, '2020-05-24', null, '12345', null);
INSERT INTO sadc.Usuario (id, COD_MATRICULA, COD_TURMA, COD_CURSO, data_inicio, data_fim, senha, COD_PESSOA) VALUES (18, 'professor', null, '2', '2020-05-24', null, '12345', 14612);
INSERT INTO sadc.Usuario (id, COD_MATRICULA, COD_TURMA, COD_CURSO, data_inicio, data_fim, senha, COD_PESSOA) VALUES (23, '41917', null, '2', '2020-05-27', '2020-05-27', '', null);
INSERT INTO sadc.Usuario (id, COD_MATRICULA, COD_TURMA, COD_CURSO, data_inicio, data_fim, senha, COD_PESSOA) VALUES (24, '41917', null, '2', '2020-05-27', '2020-05-27', '123', null);
INSERT INTO sadc.Usuario (id, COD_MATRICULA, COD_TURMA, COD_CURSO, data_inicio, data_fim, senha, COD_PESSOA) VALUES (25, '41917', null, '2', '2020-05-27', '2020-05-27', '123', null);
INSERT INTO sadc.Usuario (id, COD_MATRICULA, COD_TURMA, COD_CURSO, data_inicio, data_fim, senha, COD_PESSOA) VALUES (26, '1459180', '20201.03AMB10I.3B', null, '2020-05-27', null, '123', 25047);
INSERT INTO sadc.Usuario (id, COD_MATRICULA, COD_TURMA, COD_CURSO, data_inicio, data_fim, senha, COD_PESSOA) VALUES (27, '97312', null, '80', '2020-05-27', '2020-06-02', '1238888', 25047);
INSERT INTO sadc.Usuario (id, COD_MATRICULA, COD_TURMA, COD_CURSO, data_inicio, data_fim, senha, COD_PESSOA) VALUES (28, 'Layza', null, '80', '2020-06-02', '2020-06-02', 'criptografia', null);
INSERT INTO sadc.Usuario (id, COD_MATRICULA, COD_TURMA, COD_CURSO, data_inicio, data_fim, senha, COD_PESSOA) VALUES (29, '121695', null, '80', '2020-06-02', '2020-06-03', '123123', 121695);
INSERT INTO sadc.Usuario (id, COD_MATRICULA, COD_TURMA, COD_CURSO, data_inicio, data_fim, senha, COD_PESSOA) VALUES (30, 'Alexandre', null, '1', '2020-06-03', '2020-06-03', 'criptografia', null);
INSERT INTO sadc.Usuario (id, COD_MATRICULA, COD_TURMA, COD_CURSO, data_inicio, data_fim, senha, COD_PESSOA) VALUES (31, 'Layza', null, '1', '2020-06-03', '2020-06-03', 'criptografia', null);
INSERT INTO sadc.Usuario (id, COD_MATRICULA, COD_TURMA, COD_CURSO, data_inicio, data_fim, senha, COD_PESSOA) VALUES (32, 'Layza', null, '80', '2020-06-03', '2020-06-03', 'criptografia', null);
INSERT INTO sadc.Usuario (id, COD_MATRICULA, COD_TURMA, COD_CURSO, data_inicio, data_fim, senha, COD_PESSOA) VALUES (33, 'Layza', null, '80', '2020-06-03', '2020-06-03', 'criptografia', null);
INSERT INTO sadc.Usuario (id, COD_MATRICULA, COD_TURMA, COD_CURSO, data_inicio, data_fim, senha, COD_PESSOA) VALUES (34, 'Layza', null, '80', '2020-06-03', '2020-06-03', 'criptografia', null);
INSERT INTO sadc.Usuario (id, COD_MATRICULA, COD_TURMA, COD_CURSO, data_inicio, data_fim, senha, COD_PESSOA) VALUES (35, 'Layza', null, '80', '2020-06-03', '2020-06-03', 'criptografia', 123);
INSERT INTO sadc.Usuario (id, COD_MATRICULA, COD_TURMA, COD_CURSO, data_inicio, data_fim, senha, COD_PESSOA) VALUES (36, 'Layza', null, '80', '2020-06-03', '2020-06-03', 'criptografia', 123);
INSERT INTO sadc.Usuario (id, COD_MATRICULA, COD_TURMA, COD_CURSO, data_inicio, data_fim, senha, COD_PESSOA) VALUES (55, 'adriano.braga@ifgoiano.edu.br', null, '80', '2020-06-03', '2020-06-03', 'criptografia', 35335);
INSERT INTO sadc.Usuario (id, COD_MATRICULA, COD_TURMA, COD_CURSO, data_inicio, data_fim, senha, COD_PESSOA) VALUES (56, '', null, '80', '2020-06-03', '2020-06-03', 'criptografia', 28933);
INSERT INTO sadc.Usuario (id, COD_MATRICULA, COD_TURMA, COD_CURSO, data_inicio, data_fim, senha, COD_PESSOA) VALUES (59, '', null, '80', '2020-06-03', '2020-06-03', 'criptografia', 28933);
INSERT INTO sadc.Usuario (id, COD_MATRICULA, COD_TURMA, COD_CURSO, data_inicio, data_fim, senha, COD_PESSOA) VALUES (60, '', null, '80', '2020-06-03', '2020-06-03', 'criptografia', 28933);
INSERT INTO sadc.Usuario (id, COD_MATRICULA, COD_TURMA, COD_CURSO, data_inicio, data_fim, senha, COD_PESSOA) VALUES (61, 'adriano.braga@ifgoiano.edu.br', null, '80', '2020-06-03', '2020-06-03', 'criptografia', 35335);
INSERT INTO sadc.Usuario (id, COD_MATRICULA, COD_TURMA, COD_CURSO, data_inicio, data_fim, senha, COD_PESSOA) VALUES (62, 'desgraça@gmail.com', null, '80', '2020-06-03', '2020-06-03', 'criptografi2a', 35335);
INSERT INTO sadc.Usuario (id, COD_MATRICULA, COD_TURMA, COD_CURSO, data_inicio, data_fim, senha, COD_PESSOA) VALUES (63, '', null, '862', '2020-06-03', '2020-06-03', '2233', 28933);
INSERT INTO sadc.Usuario (id, COD_MATRICULA, COD_TURMA, COD_CURSO, data_inicio, data_fim, senha, COD_PESSOA) VALUES (64, null, null, '862', '2020-06-03', '2020-06-03', '1231234', 25034);
INSERT INTO sadc.Usuario (id, COD_MATRICULA, COD_TURMA, COD_CURSO, data_inicio, data_fim, senha, COD_PESSOA) VALUES (65, null, null, '862', '2020-06-03', '2020-06-03', '1231234', 25034);
INSERT INTO sadc.Usuario (id, COD_MATRICULA, COD_TURMA, COD_CURSO, data_inicio, data_fim, senha, COD_PESSOA) VALUES (66, null, null, '862', '2020-06-03', '2020-06-03', '1231233', 25057);
INSERT INTO sadc.Usuario (id, COD_MATRICULA, COD_TURMA, COD_CURSO, data_inicio, data_fim, senha, COD_PESSOA) VALUES (69, null, null, '80', '2020-06-03', '2020-06-03', 'criptografia', 26543);
INSERT INTO sadc.Usuario (id, COD_MATRICULA, COD_TURMA, COD_CURSO, data_inicio, data_fim, senha, COD_PESSOA) VALUES (70, 'algo@ifgoiano.edu.br', null, '80', '2020-06-03', '2020-06-03', 'criptografia', 26543);
INSERT INTO sadc.Usuario (id, COD_MATRICULA, COD_TURMA, COD_CURSO, data_inicio, data_fim, senha, COD_PESSOA) VALUES (74, 'sandra@ifgoiano.edu.br', null, '862', '2020-06-03', '2020-06-03', '22', 28933);
INSERT INTO sadc.Usuario (id, COD_MATRICULA, COD_TURMA, COD_CURSO, data_inicio, data_fim, senha, COD_PESSOA) VALUES (78, 'sandra22@ifgoiano.edu.br', null, '862', '2020-06-03', '2020-06-03', '1231232', 25016);
INSERT INTO sadc.Usuario (id, COD_MATRICULA, COD_TURMA, COD_CURSO, data_inicio, data_fim, senha, COD_PESSOA) VALUES (80, 'lucasfaria@ifgoiano.edu.br', null, '862', '2020-06-03', '2020-06-03', '2222', 25016);
INSERT INTO sadc.Usuario (id, COD_MATRICULA, COD_TURMA, COD_CURSO, data_inicio, data_fim, senha, COD_PESSOA) VALUES (81, 'lucas@gmail.com', null, '862', '2020-06-03', '2020-06-03', '123123', 25016);
INSERT INTO sadc.Usuario (id, COD_MATRICULA, COD_TURMA, COD_CURSO, data_inicio, data_fim, senha, COD_PESSOA) VALUES (82, 'lucas@if.edu.br', null, '862', '2020-06-03', '2020-06-03', '1231231', 25016);
INSERT INTO sadc.Usuario (id, COD_MATRICULA, COD_TURMA, COD_CURSO, data_inicio, data_fim, senha, COD_PESSOA) VALUES (87, 'lucas@gmail.com', null, '80', '2020-06-03', '2020-06-03', '222', 25016);
INSERT INTO sadc.Usuario (id, COD_MATRICULA, COD_TURMA, COD_CURSO, data_inicio, data_fim, senha, COD_PESSOA) VALUES (88, 'lucas22@gmail.com', null, '80', '2020-06-03', '2020-06-03', '111', null);
INSERT INTO sadc.Usuario (id, COD_MATRICULA, COD_TURMA, COD_CURSO, data_inicio, data_fim, senha, COD_PESSOA) VALUES (89, 'lucas22@gmail.com', null, '80', '2020-06-03', '2020-06-03', '11123', 25016);
INSERT INTO sadc.Usuario (id, COD_MATRICULA, COD_TURMA, COD_CURSO, data_inicio, data_fim, senha, COD_PESSOA) VALUES (90, 'lucas222@gmail.com', null, '80', '2020-06-03', '2020-06-03', '11123', 25016);
INSERT INTO sadc.Usuario (id, COD_MATRICULA, COD_TURMA, COD_CURSO, data_inicio, data_fim, senha, COD_PESSOA) VALUES (91, 'lucas222@gmail.com', null, '80', '2020-06-03', '2020-06-03', '11123', 25016);
INSERT INTO sadc.Usuario (id, COD_MATRICULA, COD_TURMA, COD_CURSO, data_inicio, data_fim, senha, COD_PESSOA) VALUES (92, '2016103121040813', '20201.03AGP10I.1A', null, '2020-06-03', null, '123123', 28933);
INSERT INTO sadc.Usuario (id, COD_MATRICULA, COD_TURMA, COD_CURSO, data_inicio, data_fim, senha, COD_PESSOA) VALUES (93, '2016103121040775', '20201.03AGP10I.1A', null, '2020-06-03', null, '123123', 28933);
INSERT INTO sadc.Usuario (id, COD_MATRICULA, COD_TURMA, COD_CURSO, data_inicio, data_fim, senha, COD_PESSOA) VALUES (94, '2016103121040180', '20201.03AGP10I.1B', null, '2020-06-03', null, '123123', 25034);
INSERT INTO sadc.Usuario (id, COD_MATRICULA, COD_TURMA, COD_CURSO, data_inicio, data_fim, senha, COD_PESSOA) VALUES (95, '2016103121040228', '20201.03AGP10I.1B', null, '2020-06-03', null, '123123', 25034);
INSERT INTO sadc.Usuario (id, COD_MATRICULA, COD_TURMA, COD_CURSO, data_inicio, data_fim, senha, COD_PESSOA) VALUES (96, 'adriano.braga@ifgoiano.edu.br', '20201.03AGP10I.1B', null, '2020-06-03', null, '123123', 35335);
INSERT INTO sadc.Usuario (id, COD_MATRICULA, COD_TURMA, COD_CURSO, data_inicio, data_fim, senha, COD_PESSOA) VALUES (97, 'algo@ifgoiano.edu.br', null, '2', '2020-06-10', null, 'criptografia', 26543);
INSERT INTO sadc.Usuario (id, COD_MATRICULA, COD_TURMA, COD_CURSO, data_inicio, data_fim, senha, COD_PESSOA) VALUES (98, 'algo@ifgoiano.edu.br', null, '2', '2020-06-10', null, 'criptografia', 26543);
INSERT INTO sadc.Usuario (id, COD_MATRICULA, COD_TURMA, COD_CURSO, data_inicio, data_fim, senha, COD_PESSOA) VALUES (99, null, null, '2', '2020-06-10', null, 'criptografia', 35335);
INSERT INTO sadc.Usuario (id, COD_MATRICULA, COD_TURMA, COD_CURSO, data_inicio, data_fim, senha, COD_PESSOA) VALUES (100, 'algo@ifgoiano.edu.br', null, '2', '2020-06-10', null, 'criptografia', 35335);
INSERT INTO sadc.Usuario (id, COD_MATRICULA, COD_TURMA, COD_CURSO, data_inicio, data_fim, senha, COD_PESSOA) VALUES (101, 'algo@ifgoiano.edu.br', null, '2', '2020-06-10', null, 'criptografia', 35335);
INSERT INTO sadc.Usuario (id, COD_MATRICULA, COD_TURMA, COD_CURSO, data_inicio, data_fim, senha, COD_PESSOA) VALUES (102, 'algo@ifgoiano.edu.br', null, '2', '2020-06-10', null, 'criptografia', 35335);
INSERT INTO sadc.Usuario (id, COD_MATRICULA, COD_TURMA, COD_CURSO, data_inicio, data_fim, senha, COD_PESSOA) VALUES (103, 'algo@ifgoiano.edu.br', null, '2', '2020-06-10', null, 'criptografia', 35335);
INSERT INTO sadc.Usuario (id, COD_MATRICULA, COD_TURMA, COD_CURSO, data_inicio, data_fim, senha, COD_PESSOA) VALUES (104, 'algo@ifgoiano.edu.br', null, '2', '2020-06-10', null, 'criptografia', 35335);
INSERT INTO sadc.Usuario (id, COD_MATRICULA, COD_TURMA, COD_CURSO, data_inicio, data_fim, senha, COD_PESSOA) VALUES (105, 'algo@ifgoiano.edu.br', null, '2', '2020-06-10', null, 'criptografia', 35335);
INSERT INTO sadc.Usuario (id, COD_MATRICULA, COD_TURMA, COD_CURSO, data_inicio, data_fim, senha, COD_PESSOA) VALUES (129, 'algo@ifgoiano.edu.br', null, '3', '2020-06-10', '2020-06-10', 'criptografia', 26543);
INSERT INTO sadc.Usuario (id, COD_MATRICULA, COD_TURMA, COD_CURSO, data_inicio, data_fim, senha, COD_PESSOA) VALUES (130, 'algo222@ifgoiano.edu.br', null, '3', '2020-06-10', '2020-06-10', 'criptografia', 26543);
INSERT INTO sadc.Usuario (id, COD_MATRICULA, COD_TURMA, COD_CURSO, data_inicio, data_fim, senha, COD_PESSOA) VALUES (131, 'algo22222111@ifgoiano.edu.br', null, '3', '2020-06-10', '2020-06-10', 'criptografia', 26543);
INSERT INTO sadc.Usuario (id, COD_MATRICULA, COD_TURMA, COD_CURSO, data_inicio, data_fim, senha, COD_PESSOA) VALUES (132, 'algo22222111@ifgoiano.edu.br', null, '3', '2020-06-10', '2020-06-10', 'criptografia', 35335);
INSERT INTO sadc.Usuario (id, COD_MATRICULA, COD_TURMA, COD_CURSO, data_inicio, data_fim, senha, COD_PESSOA) VALUES (133, 'algo22222111@ifgoiano.edu.br', null, '3', '2020-06-10', null, 'criptografia', 26543);
INSERT INTO sadc.Usuario (id, COD_MATRICULA, COD_TURMA, COD_CURSO, data_inicio, data_fim, senha, COD_PESSOA) VALUES (134, 'algo22222111@ifgoiano.edu.br', null, '3', '2020-06-10', null, 'criptografia', 26543);
INSERT INTO sadc.Usuario (id, COD_MATRICULA, COD_TURMA, COD_CURSO, data_inicio, data_fim, senha, COD_PESSOA) VALUES (135, 'teste@ifgoiano.edu.br', null, '80', '2020-06-10', '2020-06-03', 'criptografia', 35335);
INSERT INTO sadc.Usuario (id, COD_MATRICULA, COD_TURMA, COD_CURSO, data_inicio, data_fim, senha, COD_PESSOA) VALUES (136, '2020103121040351', '20201.03AGP10I.1B', null, '2020-06-10', null, null, 26543);
INSERT INTO sadc.Usuario (id, COD_MATRICULA, COD_TURMA, COD_CURSO, data_inicio, data_fim, senha, COD_PESSOA) VALUES (137, 'conselheiro@ifgoiano.edu.br', '20201.03AGP10I.1A', null, '2020-06-10', null, '123', 35335);
INSERT INTO sadc.Usuario (id, COD_MATRICULA, COD_TURMA, COD_CURSO, data_inicio, data_fim, senha, COD_PESSOA) VALUES (138, 'algo@ifgoiano.edu.br', null, '3', '2020-06-11', null, 'criptografia', 26543);
INSERT INTO sadc.Usuario (id, COD_MATRICULA, COD_TURMA, COD_CURSO, data_inicio, data_fim, senha, COD_PESSOA) VALUES (142, 'a@gmail.com', '20201.03AGP10I.1C', '862', '2020-06-11', null, 'criptografia', 10881);
INSERT INTO sadc.Usuario (id, COD_MATRICULA, COD_TURMA, COD_CURSO, data_inicio, data_fim, senha, COD_PESSOA) VALUES (143, 'cleide_ferreira@gmail.com', null, '851', '2020-06-11', null, '123', 10287);
INSERT INTO sadc.Usuario (id, COD_MATRICULA, COD_TURMA, COD_CURSO, data_inicio, data_fim, senha, COD_PESSOA) VALUES (144, 'a@gmail.com', null, '80', '2020-06-12', null, '123', 26969);
INSERT INTO sadc.Usuario (id, COD_MATRICULA, COD_TURMA, COD_CURSO, data_inicio, data_fim, senha, COD_PESSOA) VALUES (145, 'mateus2@gmail.com', null, '862', '2020-06-12', null, '123', 31453);
INSERT INTO sadc.Usuario (id, COD_MATRICULA, COD_TURMA, COD_CURSO, data_inicio, data_fim, senha, COD_PESSOA) VALUES (175, 'a2222@gmail.com', '20201.03AGP10I.1C', null, '2020-06-13', null, 'criptografia', 25049);
INSERT INTO sadc.Usuario (id, COD_MATRICULA, COD_TURMA, COD_CURSO, data_inicio, data_fim, senha, COD_PESSOA) VALUES (176, 'aless@gmail.com', '20201.03INI10I.3B', null, '2020-06-13', null, '123', 26873);
INSERT INTO sadc.Usuario (id, COD_MATRICULA, COD_TURMA, COD_CURSO, data_inicio, data_fim, senha, COD_PESSOA) VALUES (177, 'aleja2@gmail.com', '20201.03INI10I.3B', null, '2020-06-13', null, '222', 24983);
INSERT INTO sadc.Usuario (id, COD_MATRICULA, COD_TURMA, COD_CURSO, data_inicio, data_fim, senha, COD_PESSOA) VALUES (178, '2017103202030090', '20201.03AGP10I.1C', null, '2020-06-14', null, 'criptografia', null);
INSERT INTO sadc.Usuario (id, COD_MATRICULA, COD_TURMA, COD_CURSO, data_inicio, data_fim, senha, COD_PESSOA) VALUES (179, '2020103121040220', '20201.03AGP10I.1B', null, '2020-06-14', null, 'cript5ografia', null);
INSERT INTO sadc.Usuario (id, COD_MATRICULA, COD_TURMA, COD_CURSO, data_inicio, data_fim, senha, COD_PESSOA) VALUES (182, '2020103121040220', null, null, '2020-06-14', null, 'cript5ografia', null);
INSERT INTO sadc.Usuario (id, COD_MATRICULA, COD_TURMA, COD_CURSO, data_inicio, data_fim, senha, COD_PESSOA) VALUES (183, '2020103121040115', null, null, '2020-06-14', null, 'criptografia', null);
INSERT INTO sadc.Usuario (id, COD_MATRICULA, COD_TURMA, COD_CURSO, data_inicio, data_fim, senha, COD_PESSOA) VALUES (184, '2020103121040521', '20201.03AGP10I.1A', null, '2020-06-14', null, 'cript5ografia', null);
INSERT INTO sadc.Usuario (id, COD_MATRICULA, COD_TURMA, COD_CURSO, data_inicio, data_fim, senha, COD_PESSOA) VALUES (185, '2020103100511193', null, null, '2020-06-14', null, 'oi_meu_amigo', null);
INSERT INTO sadc.Usuario (id, COD_MATRICULA, COD_TURMA, COD_CURSO, data_inicio, data_fim, senha, COD_PESSOA) VALUES (186, '2020103100511177', '20201.03AGP10I.1B', null, '2020-06-14', null, 'cript5ografia', null);
INSERT INTO sadc.Usuario (id, COD_MATRICULA, COD_TURMA, COD_CURSO, data_inicio, data_fim, senha, COD_PESSOA) VALUES (187, '2020103100510200', '20201.03AGP10I.1A', null, '2020-06-14', null, 'cript5ografia', null);
INSERT INTO sadc.Usuario (id, COD_MATRICULA, COD_TURMA, COD_CURSO, data_inicio, data_fim, senha, COD_PESSOA) VALUES (188, '2020103100511355', '20201.03AGP10I.1A', null, '2020-06-14', null, '123', null);
INSERT INTO sadc.Usuario (id, COD_MATRICULA, COD_TURMA, COD_CURSO, data_inicio, data_fim, senha, COD_PESSOA) VALUES (189, '2018103121040741', '20201.03AMB10I.3B', null, '2020-06-14', null, '12222', null);
INSERT INTO sadc.Usuario (id, COD_MATRICULA, COD_TURMA, COD_CURSO, data_inicio, data_fim, senha, COD_PESSOA) VALUES (190, '2020103100510405', '20201.03AGP10I.1B', null, '2020-06-14', null, '123', null);
INSERT INTO sadc.Usuario (id, COD_MATRICULA, COD_TURMA, COD_CURSO, data_inicio, data_fim, senha, COD_PESSOA) VALUES (191, 'professor2', null, '2', '2020-05-24', null, '12345', 122006);
INSERT INTO sadc.Usuario (id, COD_MATRICULA, COD_TURMA, COD_CURSO, data_inicio, data_fim, senha, COD_PESSOA) VALUES (192, '2020103100510367', '20201.03INI10I.1A', null, '2020-05-24', null, '12345', null);